"","dist","Age","stock","Prop","mean","Catch","ps","CatchP","c.RR","c.magma"
"1",321,"0.1","Alagnak",0,NA,2772643,0.0001999428593,0,0,NA
"9",321,"0.2","Alagnak",0,NA,2772643,0.0001999428593,0,0,NA
"21",321,"0.3","Alagnak",0,2.21945134509834e-308,2772643,0.0001999428593,0,0,1.23039761779796e-305
"22",321,"0.4","Alagnak",0,NA,2772643,0.0001999428593,0,0,NA
"28",321,"0.5","Alagnak",0,NA,2772643,0.0001999428593,0,0,NA
"35",321,"1.1","Alagnak",1.08392121800997e-05,0.00497031994200265,2772643,0.0001999428593,0.00184218354078001,0.00600893589068987,2.75539710741566
"46",321,"1.2","Alagnak",0.476956006593088,0.377175944620955,2772643,0.0001999428593,0.00114877360273849,264.410182094153,209.09509225207
"57",321,"1.3","Alagnak",0.512015606522973,0.533120877680217,2772643,0.0001999428593,4.70170807557379e-06,283.846178440704,295.546311183962
"68",321,"1.4","Alagnak",0.00601613710625465,0.00883348656359253,2772643,0.0001999428593,5.40638509436315e-07,3.33516694575419,4.89702144122154
"84",321,"1.5","Alagnak",1.45890436937347e-05,0.00435610200443458,2772643,0.0001999428593,0,0.00808773062151816,2.41489300541696
"91",321,"2.1","Alagnak",1.11385495928715e-07,0.00349164779086856,2772643,0.0001999428593,4.89563664704525e-05,6.17487962286746e-05,1.93566537674374
"104",321,"2.2","Alagnak",8.08417501195992e-07,0.0141197375431342,2772643,0.0001999428593,5.73541925592659e-05,0.000448162546953088,7.82756129138529
"116",321,"2.3","Alagnak",0.00498211458729912,0.0449078557030142,2772643,0.0001999428593,3.07979254726485e-06,2.76193570692477,24.8955755662015
"127",321,"2.4","Alagnak",3.72112896831765e-06,0.00437183890075292,2772643,0.0001999428593,0,0.00206288289592316,2.42361707129224
"134",321,"3.1","Alagnak",0,NA,2772643,0.0001999428593,0,0,NA
"145",321,"3.2","Alagnak",0,2.21945134509834e-308,2772643,0.0001999428593,0,0,1.23039761779796e-305
"156",321,"3.3","Alagnak",6.60025462055609e-08,0.00465218925102861,2772643,0.0001999428593,0,3.65898427101243e-05,2.57903494242054
"162",321,"3.4","Alagnak",0,NA,2772643,0.0001999428593,0.99689441015832,0,NA
"5",321,"0.1","Egegik",0,NA,2772643,0.03341337021,0,0,NA
"7",321,"0.2","Egegik",0,NA,2772643,0.03341337021,0,0,NA
"18",321,"0.3","Egegik",0,2.22396117935746e-308,2772643,0.03341337021,0,0,2.06035207296365e-303
"23",321,"0.4","Egegik",0,NA,2772643,0.03341337021,0,0,NA
"27",321,"0.5","Egegik",0,NA,2772643,0.03341337021,0,0,NA
"41",321,"1.1","Egegik",0.000567721940184168,0.0021562937001463,2772643,0.03341337021,0.00184218354078001,52.5956607148756,199.766265537893
"47",321,"1.2","Egegik",0.303903752300154,0.254976088738957,2772643,0.03341337021,0.00114877360273849,28154.6607847696,23621.8382706326
"54",321,"1.3","Egegik",0.389584304750196,0.432175632988657,2772643,0.03341337021,4.70170807557379e-06,36092.3939381925,40038.1971401955
"72",321,"1.4","Egegik",0.000731534438901505,0.0021230238487132,2772643,0.03341337021,5.40638509436315e-07,67.7717988796223,196.6840351463
"83",321,"1.5","Egegik",2.35196215588393e-08,0.000800858619388588,2772643,0.03341337021,0,0.00217893646183498,74.1942229893064
"88",321,"2.1","Egegik",0.000141982147778821,0.000628515602110539,2772643,0.03341337021,4.89563664704525e-05,13.1537013871997,58.2277890332861
"105",321,"2.2","Egegik",0.06709989998682,0.0830539657720907,2772643,0.03341337021,5.73541925592659e-05,6216.35931943023,7694.39737234166
"115",321,"2.3","Egegik",0.233399401005447,0.221459241354127,2772643,0.03341337021,3.07979254726485e-06,21622.9017014128,20516.7253473714
"129",321,"2.4","Egegik",3.48081165575526e-07,0.000431567082650603,2772643,0.03341337021,0,0.0322474042132488,39.9818190000485
"133",321,"3.1","Egegik",3.12323226890534e-06,NA,2772643,0.03341337021,0,0.289346690909652,NA
"136",321,"3.2","Egegik",0.000543329906181955,4.52970598685524e-292,2772643,0.03341337021,0,50.3359010443052,4.1964712363502e-287
"151",321,"3.3","Egegik",0.00402457869128113,0.00219481229315912,2772643,0.03341337021,0,372.850440302295,203.33475691707
"158",321,"3.4","Egegik",0,NA,2772643,0.03341337021,0.99689441015832,0,NA
"20",321,"0.3","Igushik",NA,2.22001495130929e-308,2772643,NA,0,NA,NA
"38",321,"1.1","Igushik",NA,0.0395818624074926,2772643,NA,0.00184218354078001,NA,NA
"45",321,"1.2","Igushik",NA,0.385520746891689,2772643,NA,0.00114877360273849,NA,NA
"61",321,"1.3","Igushik",NA,0.284848363143913,2772643,NA,4.70170807557379e-06,NA,NA
"74",321,"1.4","Igushik",NA,0.0390719981135324,2772643,NA,5.40638509436315e-07,NA,NA
"85",321,"1.5","Igushik",NA,0.0438445715308189,2772643,NA,0,NA,NA
"95",321,"2.1","Igushik",NA,0.0299221763700137,2772643,NA,4.89563664704525e-05,NA,NA
"98",321,"2.2","Igushik",NA,0.0472066820911059,2772643,NA,5.73541925592659e-05,NA,NA
"110",321,"2.3","Igushik",NA,0.051895078489882,2772643,NA,3.07979254726485e-06,NA,NA
"123",321,"2.4","Igushik",NA,0.0469063058559569,2772643,NA,0,NA,NA
"139",321,"3.2","Igushik",NA,2.22001495130929e-308,2772643,NA,0,NA,NA
"147",321,"3.3","Igushik",NA,0.0312022151055958,2772643,NA,0,NA,NA
"17",321,"0.3","Kuskokwim",NA,7.40949147727828e-22,2772643,NA,0,NA,NA
"34",321,"1.1","Kuskokwim",NA,0.0669075579809269,2772643,NA,0.00184218354078001,NA,NA
"50",321,"1.2","Kuskokwim",NA,0.142348416802454,2772643,NA,0.00114877360273849,NA,NA
"55",321,"1.3","Kuskokwim",NA,0.147622329876307,2772643,NA,4.70170807557379e-06,NA,NA
"75",321,"1.4","Kuskokwim",NA,0.113373324700066,2772643,NA,5.40638509436315e-07,NA,NA
"82",321,"1.5","Kuskokwim",NA,0.114542648375501,2772643,NA,0,NA,NA
"97",321,"2.1","Kuskokwim",NA,0.0730481596975687,2772643,NA,4.89563664704525e-05,NA,NA
"108",321,"2.2","Kuskokwim",NA,0.0804762748580954,2772643,NA,5.73541925592659e-05,NA,NA
"112",321,"2.3","Kuskokwim",NA,0.0798894641329093,2772643,NA,3.07979254726485e-06,NA,NA
"130",321,"2.4","Kuskokwim",NA,0.110305387010509,2772643,NA,0,NA,NA
"137",321,"3.2","Kuskokwim",NA,2.21333220989708e-308,2772643,NA,0,NA,NA
"150",321,"3.3","Kuskokwim",NA,0.0714864365656631,2772643,NA,0,NA,NA
"2",321,"0.1","Kvichak",0,NA,2772643,0.001532527244,0,0,NA
"6",321,"0.2","Kvichak",0,NA,2772643,0.001532527244,0,0,NA
"19",321,"0.3","Kvichak",0,2.21840471146594e-308,2772643,0.001532527244,0,0,9.42633645478997e-305
"24",321,"0.4","Kvichak",0,NA,2772643,0.001532527244,0,0,NA
"29",321,"0.5","Kvichak",0,NA,2772643,0.001532527244,0,0,NA
"33",321,"1.1","Kvichak",6.43252413394749e-06,0.0232726218919817,2772643,0.001532527244,0.00184218354078001,0.0273327659406553,98.888883081196
"43",321,"1.2","Kvichak",0.535711477500944,0.404163836950396,2772643,0.001532527244,0.00114877360273849,2276.31892572009,1717.35314582693
"58",321,"1.3","Kvichak",0.441483159152363,0.295061212463519,2772643,0.001532527244,4.70170807557379e-06,1875.92857866938,1253.75962693546
"70",321,"1.4","Kvichak",8.46226040766892e-07,0.0371720813035987,2772643,0.001532527244,5.40638509436315e-07,0.00359574217267254,157.949784041427
"78",321,"1.5","Kvichak",1.2656833335496e-06,0.0482111138078044,2772643,0.001532527244,0,0.00537807952065461,204.856299332428
"93",321,"2.1","Kvichak",8.30792885539629e-06,0.0279041669582503,2772643,0.001532527244,4.89563664704525e-05,0.0353016436670266,118.569017131813
"102",321,"2.2","Kvichak",0.00263390682448073,0.0445370170275063,2772643,0.001532527244,5.73541925592659e-05,11.1918676469616,189.244507561726
"114",321,"2.3","Kvichak",0.020144855292563,0.0554191398051281,2772643,0.001532527244,3.07979254726485e-06,85.5985307096074,235.484289741241
"120",321,"2.4","Kvichak",1.31636714784641e-07,0.0462433042563648,2772643,0.001532527244,0,0.000559344269758285,196.494779536267
"131",321,"3.1","Kvichak",0,NA,2772643,0.001532527244,0,0,NA
"140",321,"3.2","Kvichak",0,5.07760098149647e-95,2772643,0.001532527244,0,0,2.15754929600421e-91
"152",321,"3.3","Kvichak",9.61723057103769e-06,0.0180155055354508,2772643,0.001532527244,0,0.0408650642767466,76.5506021974105
"159",321,"3.4","Kvichak",0,NA,2772643,0.001532527244,0.99689441015832,0,NA
"3",321,"0.1","Naknek",0,NA,2772643,0.02484578143,0,0,NA
"8",321,"0.2","Naknek",0,NA,2772643,0.02484578143,0,0,NA
"13",321,"0.3","Naknek",0,4.66075423847664e-191,2772643,0.02484578143,0,0,3.21072284283908e-186
"25",321,"0.4","Naknek",0,NA,2772643,0.02484578143,0,0,NA
"31",321,"0.5","Naknek",0,NA,2772643,0.02484578143,0,0,NA
"32",321,"1.1","Naknek",8.23947540835828e-05,0.000414350373975732,2772643,0.02484578143,0.00184218354078001,5.67604953040249,28.5439682633346
"44",321,"1.2","Naknek",0.403481624909634,0.214657607911091,2772643,0.02484578143,0.00114877360273849,27795.2366393515,14787.4367504647
"64",321,"1.3","Naknek",0.506092420054291,0.691450539499084,2772643,0.02484578143,4.70170807557379e-06,34863.9385497212,47632.9780174964
"73",321,"1.4","Naknek",0.00364260644110646,0.0047210985125797,2772643,0.02484578143,5.40638509436315e-07,250.933628110713,325.229309721931
"76",321,"1.5","Naknek",6.35232698393425e-06,0.000908240821923145,2772643,0.02484578143,0,0.437602162845793,62.5673314776774
"94",321,"2.1","Naknek",4.08495648250852e-06,0.000319186219218627,2772643,0.02484578143,4.89563664704525e-05,0.281406450958472,21.9882541049761
"101",321,"2.2","Naknek",0.02817544588492,0.021890633391674,2772643,0.02484578143,5.73541925592659e-05,1940.96369559826,1508.01250352638
"113",321,"2.3","Naknek",0.0585009205062229,0.0637495057365704,2772643,0.02484578143,3.07979254726485e-06,4030.03960701937,4391.60667598314
"124",321,"2.4","Naknek",4.72995390406941e-06,0.00171247731088035,2772643,0.02484578143,0,0.325839344198831,117.969962339921
"135",321,"3.1","Naknek",0,NA,2772643,0.02484578143,0,0,NA
"138",321,"3.2","Naknek",0,6.34492998487419e-78,2772643,0.02484578143,0,0,4.37092594809475e-73
"149",321,"3.3","Naknek",9.42021237169383e-06,0.000176360223002769,2772643,0.02484578143,0,0.648944130040171,12.1491880410381
"160",321,"3.4","Naknek",0,NA,2772643,0.02484578143,0.99689441015832,0,NA
"12",321,"0.3","North Peninsula",NA,7.44716468072069e-175,2772643,NA,0,NA,NA
"36",321,"1.1","North Peninsula",NA,0.0833335621001525,2772643,NA,0.00184218354078001,NA,NA
"48",321,"1.2","North Peninsula",NA,0.128349308502022,2772643,NA,0.00114877360273849,NA,NA
"63",321,"1.3","North Peninsula",NA,0.111696840850284,2772643,NA,4.70170807557379e-06,NA,NA
"66",321,"1.4","North Peninsula",NA,0.0980453275919125,2772643,NA,5.40638509436315e-07,NA,NA
"86",321,"1.5","North Peninsula",NA,0.131711075378292,2772643,NA,0,NA,NA
"89",321,"2.1","North Peninsula",NA,0.0752590159361809,2772643,NA,4.89563664704525e-05,NA,NA
"107",321,"2.2","North Peninsula",NA,0.0996357130367607,2772643,NA,5.73541925592659e-05,NA,NA
"111",321,"2.3","North Peninsula",NA,0.0848630479922551,2772643,NA,3.07979254726485e-06,NA,NA
"126",321,"2.4","North Peninsula",NA,0.112138033650569,2772643,NA,0,NA,NA
"144",321,"3.2","North Peninsula",NA,6.08946083069649e-144,2772643,NA,0,NA,NA
"153",321,"3.3","North Peninsula",NA,0.0749680749615716,2772643,NA,0,NA,NA
"11",321,"0.3","Nushagak",NA,4.20876438352294e-230,2772643,NA,0,NA,NA
"39",321,"1.1","Nushagak",NA,0.000677268495118664,2772643,NA,0.00184218354078001,NA,NA
"49",321,"1.2","Nushagak",NA,0.593296430094683,2772643,NA,0.00114877360273849,NA,NA
"56",321,"1.3","Nushagak",NA,0.350991119385212,2772643,NA,4.70170807557379e-06,NA,NA
"71",321,"1.4","Nushagak",NA,0.0422998702783659,2772643,NA,5.40638509436315e-07,NA,NA
"80",321,"1.5","Nushagak",NA,0.000740205259636949,2772643,NA,0,NA,NA
"90",321,"2.1","Nushagak",NA,0.00071595068337116,2772643,NA,4.89563664704525e-05,NA,NA
"99",321,"2.2","Nushagak",NA,0.00535450205960812,2772643,NA,5.73541925592659e-05,NA,NA
"109",321,"2.3","Nushagak",NA,0.00453597517050663,2772643,NA,3.07979254726485e-06,NA,NA
"121",321,"2.4","Nushagak",NA,0.00069846770558791,2772643,NA,0,NA,NA
"146",321,"3.2","Nushagak",NA,2.99650692105415e-119,2772643,NA,0,NA,NA
"154",321,"3.3","Nushagak",NA,0.000690210867909981,2772643,NA,0,NA,NA
"15",321,"0.3","Togiak",NA,1.83764203016106e-35,2772643,NA,0,NA,NA
"37",321,"1.1","Togiak",NA,0.0409981735442951,2772643,NA,0.00184218354078001,NA,NA
"52",321,"1.2","Togiak",NA,0.263474567270767,2772643,NA,0.00114877360273849,NA,NA
"59",321,"1.3","Togiak",NA,0.37033866155073,2772643,NA,4.70170807557379e-06,NA,NA
"69",321,"1.4","Togiak",NA,0.0498772866232787,2772643,NA,5.40638509436315e-07,NA,NA
"79",321,"1.5","Togiak",NA,0.0561454334185332,2772643,NA,0,NA,NA
"92",321,"2.1","Togiak",NA,0.0377993907570967,2772643,NA,4.89563664704525e-05,NA,NA
"106",321,"2.2","Togiak",NA,0.0458023345568238,2772643,NA,5.73541925592659e-05,NA,NA
"118",321,"2.3","Togiak",NA,0.0449860507067382,2772643,NA,3.07979254726485e-06,NA,NA
"125",321,"2.4","Togiak",NA,0.0541939859444853,2772643,NA,0,NA,NA
"143",321,"3.2","Togiak",NA,9.70498894206869e-188,2772643,NA,0,NA,NA
"148",321,"3.3","Togiak",NA,0.0363841156272513,2772643,NA,0,NA,NA
"4",321,"0.1","Ugashik",0,NA,2772643,0.9400083783,0,0,NA
"10",321,"0.2","Ugashik",0,NA,2772643,0.9400083783,0,0,NA
"14",321,"0.3","Ugashik",0,2.2250738585072e-308,2772643,0.9400083783,0,0,5.79922701931987e-302
"26",321,"0.4","Ugashik",0,NA,2772643,0.9400083783,0,0,NA
"30",321,"0.5","Ugashik",0,NA,2772643,0.9400083783,0,0,NA
"40",321,"1.1","Ugashik",4.96434616737297e-05,0.000211060392539688,2772643,0.9400083783,0.00184218354078001,129.386133934454,550.088315695547
"51",321,"1.2","Ugashik",0.49610078287779,0.535505201945617,2772643,0.9400083783,0.00114877360273849,1292991.26560266,1395691.30446432
"60",321,"1.3","Ugashik",0.473930591064903,0.415237180764755,2772643,0.9400083783,4.70170807557379e-06,1235208.92507799,1082235.84080608
"65",321,"1.4","Ugashik",0.0017636208938093,0.000184899815966396,2772643,0.9400083783,5.40638509436315e-07,4596.53862729646,481.905804843252
"81",321,"1.5","Ugashik",6.58774700556366e-05,0.000241409458056972,2772643,0.9400083783,0,171.696954170947,629.187317324653
"87",321,"2.1","Ugashik",8.72725023883298e-11,4.62495376952361e-05,2772643,0.9400083783,4.89563664704525e-05,0.000227458990612388,120.540523905669
"103",321,"2.2","Ugashik",0.00938358984092967,0.0190255017341242,2772643,0.9400083783,5.73541925592659e-05,24456.5219872043,49586.3107153992
"117",321,"2.3","Ugashik",0.0174653219388754,0.0292334061699538,2772643,0.9400083783,3.07979254726485e-06,45520.0021796123,76191.2501373264
"128",321,"2.4","Ugashik",0.00124049508719449,0.000204425505071044,2772643,0.9400083783,0,3233.11183558564,532.795757728899
"132",321,"3.1","Ugashik",0,NA,2772643,0.9400083783,0,0,NA
"142",321,"3.2","Ugashik",0,2.88814799300758e-133,2772643,0.9400083783,0,0,7.52740220860845e-127
"155",321,"3.3","Ugashik",7.72774962493243e-08,0.000110664676220577,2772643,0.9400083783,0,0.201408929650153,288.426192222319
"161",321,"3.4","Ugashik",0,NA,2772643,0.9400083783,0.99689441015832,0,NA
"16",321,"0.3","Wood",NA,2.7286201223188e-130,2772643,NA,0,NA,NA
"42",321,"1.1","Wood",NA,0.000314423935127414,2772643,NA,0.00184218354078001,NA,NA
"53",321,"1.2","Wood",NA,0.725848461225242,2772643,NA,0.00114877360273849,NA,NA
"62",321,"1.3","Wood",NA,0.26286015674706,2772643,NA,4.70170807557379e-06,NA,NA
"67",321,"1.4","Wood",NA,0.0024810431680103,2772643,NA,5.40638509436315e-07,NA,NA
"77",321,"1.5","Wood",NA,0.000272358073242376,2772643,NA,0,NA,NA
"96",321,"2.1","Wood",NA,0.000181441755668332,2772643,NA,4.89563664704525e-05,NA,NA
"100",321,"2.2","Wood",NA,0.0049705537760943,2772643,NA,5.73541925592659e-05,NA,NA
"119",321,"2.3","Wood",NA,0.00275808988632939,2772643,NA,3.07979254726485e-06,NA,NA
"122",321,"2.4","Wood",NA,0.000210811068684047,2772643,NA,0,NA,NA
"141",321,"3.2","Wood",NA,8.11711562286331e-99,2772643,NA,0,NA,NA
"157",321,"3.3","Wood",NA,0.000102660364541718,2772643,NA,0,NA,NA
"166",322,"0.1","Alagnak",0,NA,5151129,0.01023817737,0,0,NA
"169",322,"0.2","Alagnak",0,NA,5151129,0.01023817737,0,0,NA
"176",322,"0.3","Alagnak",0,2.2250738585072e-308,5151129,0.01023817737,0,0,1.17346328658678e-303
"188",322,"0.4","Alagnak",0,NA,5151129,0.01023817737,0,0,NA
"190",322,"0.5","Alagnak",0,NA,5151129,0.01023817737,3.71754798834234e-06,0,NA
"204",322,"1.1","Alagnak",1.09505876123339e-05,0.000411499513211121,5151129,0.01023817737,0.000833568730812997,0.577513976917916,21.7017322528586
"207",322,"1.2","Alagnak",0.477848350841465,0.364589657357345,5151129,0.01023817737,0.001454557895021,25200.8486875441,19227.7921895649
"221",322,"1.3","Alagnak",0.511165681530437,0.589054644059997,5151129,0.01023817737,3.52819195115365e-06,26957.9438159193,31065.6653465696
"237",322,"1.4","Alagnak",0.00598188552558513,0.00220739126696088,5151129,0.01023817737,0,315.473709872643,116.413781097977
"238",322,"1.5","Alagnak",1.45987379697106e-05,0.000195443821053227,5151129,0.01023817737,1.1539037153957e-06,0.76991075925224,10.3073499209625
"253",322,"2.1","Alagnak",1.12530007821137e-07,8.31870558123314e-05,5151129,0.01023817737,0.000205062879297026,0.00593462694789015,4.38713328736456
"267",322,"2.2","Alagnak",8.09929981958042e-07,0.00654990346002197,5151129,0.01023817737,0.000588300619309975,0.0427142269862131,345.429937601267
"272",322,"2.3","Alagnak",0.00497384448043548,0.0353742190959983,5151129,0.01023817737,0,262.311467489854,1865.5716637056
"289",322,"2.4","Alagnak",3.6999435217488e-06,0.000403930514430701,5151129,0.01023817737,0,0.195128259163932,21.3025570906012
"295",322,"3.1","Alagnak",0,NA,5151129,0.01023817737,0,0,NA
"298",322,"3.2","Alagnak",0,2.2250738585072e-308,5151129,0.01023817737,6.085269351034e-06,0,1.17346328658678e-303
"318",322,"3.3","Alagnak",6.58929846861945e-08,0.0011301238551698,5151129,0.01023817737,0,0.00347507558354715,59.6006666595508
"323",322,"3.4","Alagnak",0,NA,5151129,0.01023817737,0.996904024962553,0,NA
"163",322,"0.1","Egegik",0,NA,5151129,0.6938202374,0,0,NA
"172",322,"0.2","Egegik",0,NA,5151129,0.6938202374,0,0,NA
"183",322,"0.3","Egegik",0,2.2250738585072e-308,5151129,0.6938202374,0,0,7.95231950625823e-302
"185",322,"0.4","Egegik",0,NA,5151129,0.6938202374,0,0,NA
"193",322,"0.5","Egegik",0,NA,5151129,0.6938202374,3.71754798834234e-06,0,NA
"198",322,"1.1","Egegik",0.000956468946586375,0.00198696967887215,5151129,0.6938202374,0.000833568730812997,3418.37940883996,7101.34527679881
"205",322,"1.2","Egegik",0.334627932792398,0.233355784332433,5151129,0.6938202374,0.001454557895021,1195946.02539134,834003.666237844
"226",322,"1.3","Egegik",0.36603513249801,0.441645557268859,5151129,0.6938202374,3.52819195115365e-06,1308194.0237672,1578422.47190738
"231",322,"1.4","Egegik",0.000581415970734981,0.000534133566176808,5151129,0.6938202374,0,2077.95599577437,1908.97068922683
"241",322,"1.5","Egegik",2.44988211911765e-08,1.89150921011754e-05,5151129,0.6938202374,1.1539037153957e-06,0.0875577468559318,67.6017361418124
"254",322,"2.1","Egegik",0.00023920427539034,2.17013905245896e-05,5151129,0.6938202374,0.000205062879297026,854.905924984964,77.5598484166287
"264",322,"2.2","Egegik",0.0738835919161512,0.0796319195788994,5151129,0.6938202374,0.000588300619309975,264056.820829047,284601.09985424
"271",322,"2.3","Egegik",0.219291125604249,0.2410073775241,5151129,0.6938202374,0,783737.173049148,861350.13546151
"284",322,"2.4","Egegik",2.76651293532685e-07,2.47261416572186e-05,5151129,0.6938202374,0,0.988739978037192,88.3701805508256
"296",322,"3.1","Egegik",5.26186230860601e-06,NA,5151129,0.6938202374,0,18.805672502056,NA
"303",322,"3.2","Egegik",0.000598259685520198,1.56323161486708e-285,5151129,0.6938202374,6.085269351034e-06,2138.15471732791,5.58692342556536e-279
"311",322,"3.3","Egegik",0.00378130529853639,0.00177291542637755,5151129,0.6938202374,0,13514.2246041408,6336.32446591555
"321",322,"3.4","Egegik",0,NA,5151129,0.6938202374,0.996904024962553,0,NA
"174",322,"0.3","Igushik",NA,2.22395840804697e-308,5151129,NA,0,NA,NA
"202",322,"1.1","Igushik",NA,0.0391854530789919,5151129,NA,0.000833568730812997,NA,NA
"212",322,"1.2","Igushik",NA,0.442641270121852,5151129,NA,0.001454557895021,NA,NA
"219",322,"1.3","Igushik",NA,0.286911429424763,5151129,NA,3.52819195115365e-06,NA,NA
"227",322,"1.4","Igushik",NA,0.0268757388550124,5151129,NA,0,NA,NA
"242",322,"1.5","Igushik",NA,0.0174885866051825,5151129,NA,1.1539037153957e-06,NA,NA
"259",322,"2.1","Igushik",NA,0.0196815401858153,5151129,NA,0.000205062879297026,NA,NA
"269",322,"2.2","Igushik",NA,0.0394929404284436,5151129,NA,0.000588300619309975,NA,NA
"281",322,"2.3","Igushik",NA,0.055803756093103,5151129,NA,0,NA,NA
"285",322,"2.4","Igushik",NA,0.0258270679316723,5151129,NA,0,NA,NA
"307",322,"3.2","Igushik",NA,2.22395840804697e-308,5151129,NA,6.085269351034e-06,NA,NA
"312",322,"3.3","Igushik",NA,0.046092217275164,5151129,NA,0,NA,NA
"179",322,"0.3","Kuskokwim",NA,2.03432228966136e-26,5151129,NA,0,NA,NA
"197",322,"1.1","Kuskokwim",NA,0.101049116533937,5151129,NA,0.000833568730812997,NA,NA
"211",322,"1.2","Kuskokwim",NA,0.112979769581576,5151129,NA,0.001454557895021,NA,NA
"218",322,"1.3","Kuskokwim",NA,0.201140368366248,5151129,NA,3.52819195115365e-06,NA,NA
"235",322,"1.4","Kuskokwim",NA,0.0864113236391127,5151129,NA,0,NA,NA
"239",322,"1.5","Kuskokwim",NA,0.0495214018886404,5151129,NA,1.1539037153957e-06,NA,NA
"258",322,"2.1","Kuskokwim",NA,0.0563461152923328,5151129,NA,0.000205062879297026,NA,NA
"270",322,"2.2","Kuskokwim",NA,0.0774892344736858,5151129,NA,0.000588300619309975,NA,NA
"280",322,"2.3","Kuskokwim",NA,0.0921331846687106,5151129,NA,0,NA,NA
"286",322,"2.4","Kuskokwim",NA,0.0603933100416541,5151129,NA,0,NA,NA
"300",322,"3.2","Kuskokwim",NA,2.22507909580507e-308,5151129,NA,6.085269351034e-06,NA,NA
"309",322,"3.3","Kuskokwim",NA,0.162536175514103,5151129,NA,0,NA,NA
"165",322,"0.1","Kvichak",0,NA,5151129,0.04994543722,0,0,NA
"168",322,"0.2","Kvichak",0,NA,5151129,0.04994543722,0,0,NA
"182",322,"0.3","Kvichak",0,2.2250738585072e-308,5151129,0.04994543722,0,0,5.72456744907859e-303
"186",322,"0.4","Kvichak",0,NA,5151129,0.04994543722,0,0,NA
"191",322,"0.5","Kvichak",0,NA,5151129,0.04994543722,3.71754798834234e-06,0,NA
"196",322,"1.1","Kvichak",6.55457399440069e-06,0.00143397220429743,5151129,0.04994543722,0.000833568730812997,1.68633058122829,368.925758226824
"209",322,"1.2","Kvichak",0.537352669070276,0.469442062782518,5151129,0.04994543722,0.001454557895021,138247.617546456,120775.889823093
"222",322,"1.3","Kvichak",0.43990564485786,0.395842203794656,5151129,0.04994543722,3.52819195115365e-06,113176.896379913,101840.457392039
"228",322,"1.4","Kvichak",8.36815940685754e-07,0.00348315184519084,5151129,0.04994543722,0,0.215292147566446,896.129249684994
"245",322,"1.5","Kvichak",1.2666867208485e-06,0.000184307154171354,5151129,0.04994543722,1.1539037153957e-06,0.325887320217509,47.4176949842687
"251",322,"2.1","Kvichak",8.46556239445069e-06,0.000272268601369568,5151129,0.04994543722,0.000205062879297026,2.17798086729261,70.048010624333
"261",322,"2.2","Kvichak",0.00264197599403933,0.0203717221837211,5151129,0.04994543722,0.000588300619309975,679.715404452749,5241.14277145125
"278",322,"2.3","Kvichak",0.0200728733997276,0.104468860576403,5151129,0.04994543722,0,5164.25633397392,26877.2668561767
"288",322,"2.4","Kvichak",1.30172904180573e-07,0.000375814679405841,5151129,0.04994543722,0,0.0334902847011145,96.6878682425372
"293",322,"3.1","Kvichak",0,NA,5151129,0.04994543722,0,0,NA
"305",322,"3.2","Kvichak",0,6.53798728778559e-176,5151129,0.04994543722,6.085269351034e-06,0,1.68206322981372e-170
"313",322,"3.3","Kvichak",9.58286614302246e-06,0.00412563617826706,5151129,0.04994543722,0,2.46543562504607,1061.42465709851
"324",322,"3.4","Kvichak",0,NA,5151129,0.04994543722,0.996904024962553,0,NA
"164",322,"0.1","Naknek",0,NA,5151129,0.06816234712,0,0,NA
"170",322,"0.2","Naknek",0,NA,5151129,0.06816234712,0,0,NA
"180",322,"0.3","Naknek",0,2.00787029221081e-196,5151129,0.06816234712,0,0,7.04989448162901e-191
"184",322,"0.4","Naknek",0,NA,5151129,0.06816234712,0,0,NA
"192",322,"0.5","Naknek",0,NA,5151129,0.06816234712,3.71754798834234e-06,0,NA
"203",322,"1.1","Naknek",8.49575315482626e-05,0.000358880549157429,5151129,0.06816234712,0.000833568730812997,29.8296974241021,126.007641673067
"210",322,"1.2","Naknek",0.405878024971105,0.202607212784925,5151129,0.06816234712,0.001454557895021,142509.068417347,71138.0350061335
"216",322,"1.3","Naknek",0.503844774631166,0.699018452022207,5151129,0.06816234712,3.52819195115365e-06,176906.471999185,245434.495773237
"232",322,"1.4","Naknek",0.00358373544920645,0.00379915856799169,5151129,0.06816234712,0,1258.29625872697,1333.93412548713
"244",322,"1.5","Naknek",6.36744458781043e-06,5.00471099350833e-05,5151129,0.06816234712,1.1539037153957e-06,2.23569284509192,17.5721930605556
"257",322,"2.1","Naknek",4.21201353463839e-06,0.000138751888649591,5151129,0.06816234712,0.000205062879297026,1.47889288912674,48.7175978399134
"268",322,"2.2","Naknek",0.0283427884330543,0.0210802680564455,5151129,0.06816234712,0.000588300619309975,9951.52269264163,7401.55706366676
"275",322,"2.3","Naknek",0.0582411076408008,0.0719672561485342,5151129,0.06816234712,0,20449.2125290001,25268.6422996424
"290",322,"2.4","Naknek",4.65350944306607e-06,0.000465573404652628,5151129,0.06816234712,0,1.63390786098824,163.468894827853
"297",322,"3.1","Naknek",0,NA,5151129,0.06816234712,0,0,NA
"299",322,"3.2","Naknek",0,7.91157174405031e-59,5151129,0.06816234712,6.085269351034e-06,0,2.77785602963323e-53
"317",322,"3.3","Naknek",9.37837555330099e-06,0.000514399467501183,5151129,0.06816234712,0,3.29286997852148,180.612362330263
"322",322,"3.4","Naknek",0,NA,5151129,0.06816234712,0.996904024962553,0,NA
"178",322,"0.3","North Peninsula",NA,1.27795925465845e-105,5151129,NA,0,NA,NA
"200",322,"1.1","North Peninsula",NA,0.11175195887895,5151129,NA,0.000833568730812997,NA,NA
"215",322,"1.2","North Peninsula",NA,0.113877619431144,5151129,NA,0.001454557895021,NA,NA
"217",322,"1.3","North Peninsula",NA,0.12590976289673,5151129,NA,3.52819195115365e-06,NA,NA
"229",322,"1.4","North Peninsula",NA,0.100946250697231,5151129,NA,0,NA,NA
"240",322,"1.5","North Peninsula",NA,0.057304388533717,5151129,NA,1.1539037153957e-06,NA,NA
"249",322,"2.1","North Peninsula",NA,0.0574099238978576,5151129,NA,0.000205062879297026,NA,NA
"266",322,"2.2","North Peninsula",NA,0.09469655348816,5151129,NA,0.000588300619309975,NA,NA
"274",322,"2.3","North Peninsula",NA,0.105299286836621,5151129,NA,0,NA,NA
"287",322,"2.4","North Peninsula",NA,0.0666518489261708,5151129,NA,0,NA,NA
"301",322,"3.2","North Peninsula",NA,1.48317712080896e-105,5151129,NA,6.085269351034e-06,NA,NA
"315",322,"3.3","North Peninsula",NA,0.166152406413419,5151129,NA,0,NA,NA
"177",322,"0.3","Nushagak",NA,1.7204804161633e-193,5151129,NA,0,NA,NA
"199",322,"1.1","Nushagak",NA,0.00238780306018153,5151129,NA,0.000833568730812997,NA,NA
"208",322,"1.2","Nushagak",NA,0.467384700156061,5151129,NA,0.001454557895021,NA,NA
"225",322,"1.3","Nushagak",NA,0.498538801233332,5151129,NA,3.52819195115365e-06,NA,NA
"233",322,"1.4","Nushagak",NA,0.00444124507934246,5151129,NA,0,NA,NA
"247",322,"1.5","Nushagak",NA,0.000403062594550904,5151129,NA,1.1539037153957e-06,NA,NA
"256",322,"2.1","Nushagak",NA,0.000589912981646958,5151129,NA,0.000205062879297026,NA,NA
"265",322,"2.2","Nushagak",NA,0.0083590734288962,5151129,NA,0.000588300619309975,NA,NA
"279",322,"2.3","Nushagak",NA,0.00956084161211179,5151129,NA,0,NA,NA
"283",322,"2.4","Nushagak",NA,0.000303667008763597,5151129,NA,0,NA,NA
"308",322,"3.2","Nushagak",NA,1.40545824998316e-98,5151129,NA,6.085269351034e-06,NA,NA
"316",322,"3.3","Nushagak",NA,0.00803089284511446,5151129,NA,0,NA,NA
"173",322,"0.3","Togiak",NA,8.5004333640737e-17,5151129,NA,0,NA,NA
"201",322,"1.1","Togiak",NA,0.0522446450407081,5151129,NA,0.000833568730812997,NA,NA
"214",322,"1.2","Togiak",NA,0.252879784892134,5151129,NA,0.001454557895021,NA,NA
"224",322,"1.3","Togiak",NA,0.365759450988752,5151129,NA,3.52819195115365e-06,NA,NA
"236",322,"1.4","Togiak",NA,0.0524277110041308,5151129,NA,0,NA,NA
"243",322,"1.5","Togiak",NA,0.0326221411089298,5151129,NA,1.1539037153957e-06,NA,NA
"252",322,"2.1","Togiak",NA,0.0324703675974454,5151129,NA,0.000205062879297026,NA,NA
"263",322,"2.2","Togiak",NA,0.0505792349000017,5151129,NA,0.000588300619309975,NA,NA
"276",322,"2.3","Togiak",NA,0.0638166272367646,5151129,NA,0,NA,NA
"292",322,"2.4","Togiak",NA,0.0291563723555196,5151129,NA,0,NA,NA
"302",322,"3.2","Togiak",NA,4.32799849759179e-170,5151129,NA,6.085269351034e-06,NA,NA
"314",322,"3.3","Togiak",NA,0.0680436648756137,5151129,NA,0,NA,NA
"167",322,"0.1","Ugashik",0,NA,5151129,0.1778338009,0,0,NA
"171",322,"0.2","Ugashik",0,NA,5151129,0.1778338009,0,0,NA
"181",322,"0.3","Ugashik",0,2.2250738585072e-308,5151129,0.1778338009,0,0,2.03826744672166e-302
"187",322,"0.4","Ugashik",0,NA,5151129,0.1778338009,0,0,NA
"189",322,"0.5","Ugashik",0,NA,5151129,0.1778338009,3.71754798834234e-06,0,NA
"195",322,"1.1","Ugashik",3.64393048633413e-05,0.00176309818293462,5151129,0.1778338009,0.000833568730812997,33.3800375210666,1615.07700875185
"213",322,"1.2","Ugashik",0.471936732628391,0.36490164022316,5151129,0.1778338009,0.001454557895021,432315.212976342,334266.267916696
"220",322,"1.3","Ugashik",0.497214931806477,0.476882770098996,5151129,0.1778338009,3.52819195115365e-06,455471.177125328,436846.005124232
"234",322,"1.4","Ugashik",0.00205299794107329,0.000367767659403859,5151129,0.1778338009,0,1880.63818892002,336.8916700243
"246",322,"1.5","Ugashik",6.48476741210502e-05,5.69043313837543e-05,5151129,0.1778338009,1.1539037153957e-06,59.4033778479732,52.1269196496618
"250",322,"2.1","Ugashik",6.40597817638732e-11,4.03930058281871e-05,5151129,0.1778338009,0.000205062879297026,5.86816331126178e-05,37.0018049243849
"262",322,"2.2","Ugashik",0.00892653445250743,0.0335353115590994,5151129,0.1778338009,0.000588300619309975,8177.10590460669,30719.8494131963
"273",322,"2.3","Ugashik",0.0183233980343916,0.12131328829057,5151129,0.1778338009,0,16785.0543855118,111128.41285337
"282",322,"2.4","Ugashik",0.00144403701995478,6.88237339738846e-05,5151129,0.1778338009,0,1322.80267388943,63.0456269954628
"294",322,"3.1","Ugashik",0,NA,5151129,0.1778338009,0,0,NA
"304",322,"3.2","Ugashik",0,2.5777833110673e-120,5151129,0.1778338009,6.085269351034e-06,0,2.36136512393162e-114
"319",322,"3.3","Ugashik",8.10741609832172e-08,0.00107000291465035,5151129,0.1778338009,0,0.0742675675553661,980.170658376391
"320",322,"3.4","Ugashik",0,NA,5151129,0.1778338009,0.996904024962553,0,NA
"175",322,"0.3","Wood",NA,3.41857347158466e-108,5151129,NA,0,NA,NA
"194",322,"1.1","Wood",NA,0.00593638486500981,5151129,NA,0.000833568730812997,NA,NA
"206",322,"1.2","Wood",NA,0.666105603612203,5151129,NA,0.001454557895021,NA,NA
"223",322,"1.3","Wood",NA,0.267395984131161,5151129,NA,3.52819195115365e-06,NA,NA
"230",322,"1.4","Wood",NA,0.00500432600046402,5151129,NA,0,NA,NA
"248",322,"1.5","Wood",NA,0.00176666578750164,5151129,NA,1.1539037153957e-06,NA,NA
"255",322,"2.1","Wood",NA,0.00102617422111604,5151129,NA,0.000205062879297026,NA,NA
"260",322,"2.2","Wood",NA,0.0113572026835271,5151129,NA,0.000588300619309975,NA,NA
"277",322,"2.3","Wood",NA,0.0229141504945442,5151129,NA,0,NA,NA
"291",322,"2.4","Wood",NA,0.000989211451770875,5151129,NA,0,NA,NA
"306",322,"3.2","Wood",NA,1.06325771002002e-149,5151129,NA,6.085269351034e-06,NA,NA
"310",322,"3.3","Wood",NA,0.0175042967527026,5151129,NA,0,NA,NA
"326",324,"0.1","Alagnak",0,NA,5864088,0.1836676505,0,0,NA
"334",324,"0.2","Alagnak",0,NA,5864088,0.1836676505,0,0,NA
"345",324,"0.3","Alagnak",0,2.2250738585072e-308,5864088,0.1836676505,0,0,2.39650081406743e-302
"346",324,"0.4","Alagnak",0,NA,5864088,0.1836676505,0,0,NA
"355",324,"0.5","Alagnak",0,NA,5864088,0.1836676505,0,0,NA
"363",324,"1.1","Alagnak",1.38254326483133e-05,0.000117681618511442,5864088,0.1836676505,0.00130868123080547,14.8905891235206,126.748194665616
"367",324,"1.2","Alagnak",0.497412779517683,0.362545830068882,5864088,0.1836676505,0.00153925753850416,535735.084246335,390477.544632938
"388",324,"1.3","Alagnak",0.492472489747318,0.58895710885139,5864088,0.1836676505,8.80751076947467e-06,530414.178420605,634332.287630258
"389",324,"1.4","Alagnak",0.00528983618026439,0.00204424494276358,5864088,0.1836676505,0,5697.38243241598,2201.74024819694
"405",324,"1.5","Alagnak",1.47962591373631e-05,5.55558116087016e-05,5864088,0.1836676505,0,15.9362112553122,59.8360127406079
"419",324,"2.1","Alagnak",1.42072379988169e-07,6.48320730538258e-05,5864088,0.1836676505,5.81141230785324e-05,0.153018100049304,69.826947657104
"430",324,"2.2","Alagnak",8.43090747800137e-07,0.00677499674830899,5864088,0.1836676505,0.000162062646158334,0.908045211942437,7296.96462009562
"441",324,"2.3","Alagnak",0.00479195232256723,0.0391989579545627,5864088,0.1836676505,0,5161.13997658901,42218.9736711611
"451",324,"2.4","Alagnak",3.27189395802974e-06,0.000177084787875837,5864088,0.1836676505,0,3.52397135222341,190.727978166136
"459",324,"3.1","Alagnak",0,NA,5864088,0.1836676505,0,0,NA
"460",324,"3.2","Alagnak",0,2.2250738585072e-308,5864088,0.1836676505,0,0,2.39650081406743e-302
"471",324,"3.3","Alagnak",6.34832958975481e-08,6.37071430425163e-05,5864088,0.1836676505,0,0.0683742563045645,68.6153493645059
"484",324,"3.4","Alagnak",0,NA,5864088,0.1836676505,0.996923076950684,0,NA
"325",324,"0.1","Egegik",0,NA,5864088,0.06303969552,0,0,NA
"332",324,"0.2","Egegik",0,NA,5864088,0.06303969552,0,0,NA
"343",324,"0.3","Egegik",0,2.2250738585072e-308,5864088,0.06303969552,0,0,8.22543769798172e-303
"350",324,"0.4","Egegik",0,NA,5864088,0.06303969552,0,0,NA
"354",324,"0.5","Egegik",0,NA,5864088,0.06303969552,0,0,NA
"357",324,"1.1","Egegik",0.00058622860783471,0.00203678056497923,5864088,0.06303969552,0.00130868123080547,216.711318237051,752.937327345014
"370",324,"1.2","Egegik",0.305936960859082,0.235312433560181,5864088,0.06303969552,0.00153925753850416,113095.814839357,86988.023090087
"384",324,"1.3","Egegik",0.388032654021329,0.458813793538927,5864088,0.06303969552,8.80751076947467e-06,143444.156167304,169609.842805893
"395",324,"1.4","Egegik",0.000719812444544864,0.000661658715705393,5864088,0.06303969552,0,266.093298170692,244.595590503797
"408",324,"1.5","Egegik",2.35908758057495e-08,4.04863971955736e-05,5864088,0.06303969552,0,0.00872084665590389,14.9666194888179
"415",324,"2.1","Egegik",0.000146610498821382,4.92538938755579e-05,5864088,0.06303969552,5.81141230785324e-05,54.1975503111776,18.2077028098388
"425",324,"2.2","Egegik",0.0675488187474401,0.0617373827267442,5864088,0.06303969552,0.000162062646158334,24970.7935786047,22822.478153421
"436",324,"2.3","Egegik",0.232469809281588,0.240723906116442,5864088,0.06303969552,0,85937.1892576303,88988.4838925758
"449",324,"2.4","Egegik",3.42503567131147e-07,9.80689900239537e-05,5864088,0.06303969552,0,0.126613403955221,36.2531951225749
"458",324,"3.1","Egegik",3.22504376951401e-06,NA,5864088,0.06303969552,0,1.19220296881286,NA
"463",324,"3.2","Egegik",0.000546964948567847,1.08270508856302e-286,5864088,0.06303969552,0,202.196708672088,4.00243938744477e-281
"479",324,"3.3","Egegik",0.00400854945258004,0.00052623549592578,5864088,0.06303969552,0,1481.84176697832,194.533645238546
"486",324,"3.4","Egegik",0,NA,5864088,0.06303969552,0.996923076950684,0,NA
"338",324,"0.3","Igushik",NA,2.225073858513e-308,5864088,NA,0,NA,NA
"361",324,"1.1","Igushik",NA,0.0174767953077944,5864088,NA,0.00130868123080547,NA,NA
"375",324,"1.2","Igushik",NA,0.452333941426311,5864088,NA,0.00153925753850416,NA,NA
"381",324,"1.3","Igushik",NA,0.384419927847928,5864088,NA,8.80751076947467e-06,NA,NA
"390",324,"1.4","Igushik",NA,0.0233289782071558,5864088,NA,0,NA,NA
"400",324,"1.5","Igushik",NA,0.0101395294272194,5864088,NA,0,NA,NA
"411",324,"2.1","Igushik",NA,0.0134906557677949,5864088,NA,5.81141230785324e-05,NA,NA
"424",324,"2.2","Igushik",NA,0.0264217975495105,5864088,NA,0.000162062646158334,NA,NA
"440",324,"2.3","Igushik",NA,0.0381684076539851,5864088,NA,0,NA,NA
"452",324,"2.4","Igushik",NA,0.0219439185743194,5864088,NA,0,NA,NA
"466",324,"3.2","Igushik",NA,2.225073858513e-308,5864088,NA,0,NA,NA
"476",324,"3.3","Igushik",NA,0.0122760482379811,5864088,NA,0,NA,NA
"340",324,"0.3","Kuskokwim",NA,7.63022320830301e-49,5864088,NA,0,NA,NA
"364",324,"1.1","Kuskokwim",NA,0.0813357124780775,5864088,NA,0.00130868123080547,NA,NA
"369",324,"1.2","Kuskokwim",NA,0.160305115603836,5864088,NA,0.00153925753850416,NA,NA
"383",324,"1.3","Kuskokwim",NA,0.176120624943894,5864088,NA,8.80751076947467e-06,NA,NA
"393",324,"1.4","Kuskokwim",NA,0.0894801012465171,5864088,NA,0,NA,NA
"410",324,"1.5","Kuskokwim",NA,0.0512822685430466,5864088,NA,0,NA,NA
"416",324,"2.1","Kuskokwim",NA,0.0974759347690447,5864088,NA,5.81141230785324e-05,NA,NA
"422",324,"2.2","Kuskokwim",NA,0.0914870934855629,5864088,NA,0.000162062646158334,NA,NA
"437",324,"2.3","Kuskokwim",NA,0.0887408076361526,5864088,NA,0,NA,NA
"446",324,"2.4","Kuskokwim",NA,0.107811651060843,5864088,NA,0,NA,NA
"464",324,"3.2","Kuskokwim",NA,2.22507385778684e-308,5864088,NA,0,NA,NA
"478",324,"3.3","Kuskokwim",NA,0.0559606902330255,5864088,NA,0,NA,NA
"327",324,"0.1","Kvichak",0,NA,5864088,0.3462911505,0,0,NA
"330",324,"0.2","Kvichak",0,NA,5864088,0.3462911505,0,0,NA
"344",324,"0.3","Kvichak",0,2.2250738585072e-308,5864088,0.3462911505,0,0,4.51841694396585e-302
"349",324,"0.4","Kvichak",0,NA,5864088,0.3462911505,0,0,NA
"351",324,"0.5","Kvichak",0,NA,5864088,0.3462911505,0,0,NA
"362",324,"1.1","Kvichak",7.66722823297121e-06,0.00018536805237611,5864088,0.3462911505,0.00130868123080547,15.5697006769712,376.423526582658
"373",324,"1.2","Kvichak",0.550612025377611,0.589083418443978,5864088,0.3462911505,0.00153925753850416,1118117.80786759,1196240.96482458
"382",324,"1.3","Kvichak",0.427160462219324,0.364194784733358,5864088,0.3462911505,8.80751076947467e-06,867426.96783062,739563.713784863
"396",324,"1.4","Kvichak",7.6520081296742e-07,0.00394464373984486,5864088,0.3462911505,0,1.55387934905139,8010.31617169851
"404",324,"1.5","Kvichak",1.27415282094193e-06,6.92575386524789e-05,5864088,0.3462911505,0,2.58739891861763,140.640021879848
"420",324,"2.1","Kvichak",9.90261138282809e-06,0.000154629937807955,5864088,0.3462911505,5.81141230785324e-05,20.1090525110471,314.004197372843
"426",324,"2.2","Kvichak",0.00270716763085095,0.0167039623222541,5864088,0.3462911505,0.000162062646158334,5497.39598378964,33920.4319441677
"438",324,"2.3","Kvichak",0.0194913113201288,0.0251311012057465,5864088,0.3462911505,0,39580.6507690802,51033.2693336965
"447",324,"2.4","Kvichak",1.19032641780953e-07,0.000450090175467909,5864088,0.3462911505,0,0.241717416908089,913.989918748659
"457",324,"3.1","Kvichak",0,NA,5864088,0.3462911505,0,0,NA
"462",324,"3.2","Kvichak",0,1.27455388738495e-86,5864088,0.3462911505,0,0,2.58821335693611e-80
"474",324,"3.3","Kvichak",9.30522619323285e-06,8.27438505138365e-05,5864088,0.3462911505,0,18.8959532908027,168.026429658171
"483",324,"3.4","Kvichak",0,NA,5864088,0.3462911505,0.996923076950684,0,NA
"328",324,"0.1","Naknek",0,NA,5864088,0.4063916556,0,0,NA
"331",324,"0.2","Naknek",0,NA,5864088,0.4063916556,0,0,NA
"336",324,"0.3","Naknek",0,1.84747168839252e-186,5864088,0.4063916556,0,0,4.40274013623833e-180
"347",324,"0.4","Naknek",0,NA,5864088,0.4063916556,0,0,NA
"352",324,"0.5","Naknek",0,NA,5864088,0.4063916556,0,0,NA
"358",324,"1.1","Naknek",0.000112242731017238,0.00018368907841964,5864088,0.4063916556,0.00130868123080547,267.487496536728,437.752460959475
"374",324,"1.2","Naknek",0.42667373969092,0.230325601455641,5864088,0.4063916556,0.00153925753850416,1016813.19969273,548892.725286806
"385",324,"1.3","Naknek",0.484289059118887,0.67206792613903,5864088,0.4063916556,8.80751076947467e-06,1154117.2140933,1601616.11746556
"391",324,"1.4","Naknek",0.00312426650653207,0.00372450274624898,5864088,0.4063916556,0,7445.49084623991,8875.92369153337
"403",324,"1.5","Naknek",6.48917706541526e-06,2.97086646454449e-05,5864088,0.4063916556,0,15.4644644876371,70.7992068567792
"414",324,"2.1","Naknek",5.56475563058261e-06,0.000150516308446314,5864088,0.4063916556,5.81141230785324e-05,13.2614605772075,358.69788777744
"428",324,"2.2","Naknek",0.0297949698711957,0.0253532534039353,5864088,0.4063916556,0.000162062646158334,71004.8822583389,60419.7547637933
"433",324,"2.3","Naknek",0.0559805968905637,0.0676143866835292,5864088,0.4063916556,0,133408.280261721,161132.955871021
"448",324,"2.4","Naknek",4.05688530886682e-06,0.000509357606914757,5864088,0.4063916556,0,9.66803003785395,1213.85848224455
"455",324,"3.1","Naknek",0,NA,5864088,0.4063916556,0,0,NA
"465",324,"3.2","Naknek",0,1.06267983666832e-59,5864088,0.4063916556,0,0,2.53248977955475e-53
"477",324,"3.3","Naknek",9.01437287920365e-06,4.10579131894621e-05,5864088,0.4063916556,0,21.4823001227265,97.8457875404411
"485",324,"3.4","Naknek",0,NA,5864088,0.4063916556,0.996923076950684,0,NA
"342",324,"0.3","North Peninsula",NA,3.2951785761109e-102,5864088,NA,0,NA,NA
"360",324,"1.1","North Peninsula",NA,0.0907110726198697,5864088,NA,0.00130868123080547,NA,NA
"368",324,"1.2","North Peninsula",NA,0.154723118829135,5864088,NA,0.00153925753850416,NA,NA
"380",324,"1.3","North Peninsula",NA,0.13540729899643,5864088,NA,8.80751076947467e-06,NA,NA
"394",324,"1.4","North Peninsula",NA,0.0903089535330806,5864088,NA,0,NA,NA
"406",324,"1.5","North Peninsula",NA,0.0587089142877309,5864088,NA,0,NA,NA
"417",324,"2.1","North Peninsula",NA,0.0969109072378307,5864088,NA,5.81141230785324e-05,NA,NA
"431",324,"2.2","North Peninsula",NA,0.105364382404856,5864088,NA,0.000162062646158334,NA,NA
"442",324,"2.3","North Peninsula",NA,0.0965703924761821,5864088,NA,0,NA,NA
"454",324,"2.4","North Peninsula",NA,0.115399408545552,5864088,NA,0,NA,NA
"469",324,"3.2","North Peninsula",NA,6.46789342739824e-78,5864088,NA,0,NA,NA
"480",324,"3.3","North Peninsula",NA,0.0558955510693333,5864088,NA,0,NA,NA
"337",324,"0.3","Nushagak",NA,3.27276291842969e-188,5864088,NA,0,NA,NA
"356",324,"1.1","Nushagak",NA,0.00425333592293696,5864088,NA,0.00130868123080547,NA,NA
"371",324,"1.2","Nushagak",NA,0.488416872498672,5864088,NA,0.00153925753850416,NA,NA
"386",324,"1.3","Nushagak",NA,0.451188133170403,5864088,NA,8.80751076947467e-06,NA,NA
"399",324,"1.4","Nushagak",NA,0.011766222703615,5864088,NA,0,NA,NA
"407",324,"1.5","Nushagak",NA,0.00337798541612759,5864088,NA,0,NA,NA
"421",324,"2.1","Nushagak",NA,0.00610667901397737,5864088,NA,5.81141230785324e-05,NA,NA
"432",324,"2.2","Nushagak",NA,0.00988493064342151,5864088,NA,0.000162062646158334,NA,NA
"439",324,"2.3","Nushagak",NA,0.0110656624045894,5864088,NA,0,NA,NA
"453",324,"2.4","Nushagak",NA,0.00965515257249533,5864088,NA,0,NA,NA
"470",324,"3.2","Nushagak",NA,6.23067286721439e-96,5864088,NA,0,NA,NA
"475",324,"3.3","Nushagak",NA,0.00428502565376234,5864088,NA,0,NA,NA
"341",324,"0.3","Togiak",NA,5.76722535484623e-23,5864088,NA,0,NA,NA
"359",324,"1.1","Togiak",NA,0.0436163534332274,5864088,NA,0.00130868123080547,NA,NA
"372",324,"1.2","Togiak",NA,0.261471693379459,5864088,NA,0.00153925753850416,NA,NA
"378",324,"1.3","Togiak",NA,0.389539890600883,5864088,NA,8.80751076947467e-06,NA,NA
"392",324,"1.4","Togiak",NA,0.0489295344405319,5864088,NA,0,NA,NA
"401",324,"1.5","Togiak",NA,0.0242022840412687,5864088,NA,0,NA,NA
"412",324,"2.1","Togiak",NA,0.0470430304917554,5864088,NA,5.81141230785324e-05,NA,NA
"423",324,"2.2","Togiak",NA,0.0463544857801239,5864088,NA,0.000162062646158334,NA,NA
"434",324,"2.3","Togiak",NA,0.0556922908302442,5864088,NA,0,NA,NA
"450",324,"2.4","Togiak",NA,0.0561083618657609,5864088,NA,0,NA,NA
"461",324,"3.2","Togiak",NA,1.46330576949322e-158,5864088,NA,0,NA,NA
"472",324,"3.3","Togiak",NA,0.0270420751367459,5864088,NA,0,NA,NA
"329",324,"0.1","Ugashik",0,NA,5864088,0.0006098478455,0,0,NA
"333",324,"0.2","Ugashik",0,NA,5864088,0.0006098478455,0,0,NA
"339",324,"0.3","Ugashik",0,2.2250738585072e-308,5864088,0.0006098478455,0,0,7.95731232048411e-305
"348",324,"0.4","Ugashik",0,NA,5864088,0.0006098478455,0,0,NA
"353",324,"0.5","Ugashik",0,NA,5864088,0.0006098478455,0,0,NA
"365",324,"1.1","Ugashik",3.32625751409314e-05,0.0007321202325639,5864088,0.0006098478455,0.00130868123080547,0.118953668871709,2.61820942454687
"377",324,"1.2","Ugashik",0.464264099363473,0.552007712749165,5864088,0.0006098478455,0.00153925753850416,1660.3019372588,1974.09077315218
"379",324,"1.3","Ugashik",0.504585317469781,0.37651487708619,5864088,0.0006098478455,8.80751076947467e-06,1804.49873521566,1346.49304283928
"398",324,"1.4","Ugashik",0.00215826269921186,0.0010033658365934,5864088,0.0006098478455,0,7.71838215689694,3.5882383422697
"402",324,"1.5","Ugashik",6.44764583099649e-05,0.000336440192764371,5864088,0.0006098478455,0,0.230580802578515,1.2031778993557
"413",324,"2.1","Ugashik",5.84751359291727e-11,0.000405325041786069,5864088,0.0006098478455,5.81141230785324e-05,2.09118864882697e-07,1.44952399511308
"429",324,"2.2","Ugashik",0.00878140901757165,0.0278004567559069,5864088,0.0006098478455,0.000162062646158334,31.404087509083,99.4200332780315
"435",324,"2.3","Ugashik",0.0185950119707311,0.0400942581990993,5864088,0.0006098478455,0,66.4995084493594,143.385143611551
"444",324,"2.4","Ugashik",0.00151807811135456,0.0007534930569024,5864088,0.0006098478455,0,5.42895311665888,2.6946429495654
"456",324,"3.1","Ugashik",0,NA,5864088,0.0006098478455,0,0,NA
"467",324,"3.2","Ugashik",0,2.64770676208428e-111,5864088,0.0006098478455,0,0,9.46873271572983e-108
"473",324,"3.3","Ugashik",8.22759507674627e-08,0.000351950849028005,5864088,0.0006098478455,0,0.000294235373004971,1.25864713050662
"482",324,"3.4","Ugashik",0,NA,5864088,0.0006098478455,0.996923076950684,0,NA
"335",324,"0.3","Wood",NA,1.01302258249052e-73,5864088,NA,0,NA,NA
"366",324,"1.1","Wood",NA,0.00204460462130741,5864088,NA,0.00130868123080547,NA,NA
"376",324,"1.2","Wood",NA,0.784694914721549,5864088,NA,0.00153925753850416,NA,NA
"387",324,"1.3","Wood",NA,0.184524085071903,5864088,NA,8.80751076947467e-06,NA,NA
"397",324,"1.4","Wood",NA,0.0053945130918084,5864088,NA,0,NA,NA
"409",324,"1.5","Wood",NA,0.000865047519606177,5864088,NA,0,NA,NA
"418",324,"2.1","Wood",NA,0.00188152562075888,5864088,NA,5.81141230785324e-05,NA,NA
"427",324,"2.2","Wood",NA,0.0061684448946734,5864088,NA,0.000162062646158334,NA,NA
"443",324,"2.3","Wood",NA,0.0105888597984358,5864088,NA,0,NA,NA
"445",324,"2.4","Wood",NA,0.00295856746413796,5864088,NA,0,NA,NA
"468",324,"3.2","Wood",NA,3.88472747933097e-67,5864088,NA,0,NA,NA
"481",324,"3.3","Wood",NA,0.000879437195819374,5864088,NA,0,NA,NA
"495",325,"0.3","Alagnak",NA,2.2250738528917e-308,22793890,NA,0,NA,NA
"512",325,"1.1","Alagnak",NA,0.00274710554908174,22793890,NA,0.00175479110441242,NA,NA
"522",325,"1.2","Alagnak",NA,0.351462545490825,22793890,NA,0.00127526656450289,NA,NA
"540",325,"1.3","Alagnak",NA,0.586918597253671,22793890,NA,7.39416871215339e-06,NA,NA
"549",325,"1.4","Alagnak",NA,0.00378093281202655,22793890,NA,0,NA,NA
"560",325,"1.5","Alagnak",NA,0.00024508234715457,22793890,NA,8.31630981650985e-07,NA,NA
"568",325,"2.1","Alagnak",NA,0.0035070056248793,22793890,NA,1.28035736204924e-05,NA,NA
"576",325,"2.2","Alagnak",NA,0.0084367063337171,22793890,NA,1.5282564418205e-05,NA,NA
"593",325,"2.3","Alagnak",NA,0.0409653184015915,22793890,NA,0,NA,NA
"599",325,"2.4","Alagnak",NA,0.000766624737202463,22793890,NA,0,NA,NA
"613",325,"3.2","Alagnak",NA,2.2250738528917e-308,22793890,NA,1.57745981605694e-07,NA,NA
"624",325,"3.3","Alagnak",NA,0.00117008144985068,22793890,NA,0,NA,NA
"496",325,"0.3","Egegik",NA,2.22506659247104e-308,22793890,NA,0,NA,NA
"517",325,"1.1","Egegik",NA,0.00443540906861184,22793890,NA,0.00175479110441242,NA,NA
"525",325,"1.2","Egegik",NA,0.314414925085716,22793890,NA,0.00127526656450289,NA,NA
"532",325,"1.3","Egegik",NA,0.368114406810447,22793890,NA,7.39416871215339e-06,NA,NA
"544",325,"1.4","Egegik",NA,0.00712828246537974,22793890,NA,0,NA,NA
"559",325,"1.5","Egegik",NA,0.00224266372224296,22793890,NA,8.31630981650985e-07,NA,NA
"574",325,"2.1","Egegik",NA,0.00310141470737353,22793890,NA,1.28035736204924e-05,NA,NA
"578",325,"2.2","Egegik",NA,0.0994615391563027,22793890,NA,1.5282564418205e-05,NA,NA
"590",325,"2.3","Egegik",NA,0.191525226337167,22793890,NA,0,NA,NA
"603",325,"2.4","Egegik",NA,0.00440999259354062,22793890,NA,0,NA,NA
"612",325,"3.2","Egegik",NA,4.42819330979183e-285,22793890,NA,1.57745981605694e-07,NA,NA
"626",325,"3.3","Egegik",NA,0.00516614005321884,22793890,NA,0,NA,NA
"488",325,"0.1","Igushik",0,NA,22793890,0.0259169288,0,0,NA
"490",325,"0.2","Igushik",0,NA,22793890,0.0259169288,5.4191901844133e-07,0,NA
"497",325,"0.3","Igushik",3.19156228244239e-15,2.22507385850579e-308,22793890,0.0259169288,0,1.88540783585523e-09,1.31445709559302e-302
"505",325,"0.4","Igushik",0,NA,22793890,0.0259169288,0,0,NA
"509",325,"0.5","Igushik",0,NA,22793890,0.0259169288,4.15323926408281e-07,0,NA
"511",325,"1.1","Igushik",1.91620666462048e-15,0.00522234217088732,22793890,0.0259169288,0.00175479110441242,1.1319945346104e-09,3085.08623023743
"527",325,"1.2","Igushik",0.330272751497472,0.690930931358515,22793890,0.0259169288,0.00127526656450289,195107.843286791,408165.806189813
"537",325,"1.3","Igushik",0.667022090897901,0.260864356527824,22793890,0.0259169288,7.39416871215339e-06,394041.715490208,154104.998858587
"548",325,"1.4","Igushik",0.00234829986295488,0.0110279264557552,22793890,0.0259169288,0,1387.2525649616,6514.72135364523
"556",325,"1.5","Igushik",0,0.00200846538475452,22793890,0.0259169288,8.31630981650985e-07,0,1186.49615434178
"571",325,"2.1","Igushik",1.91620666462048e-15,0.00408522214490995,22793890,0.0259169288,1.28035736204924e-05,1.1319945346104e-09,2413.33527645534
"581",325,"2.2","Igushik",0.000356857741658671,0.0108648691255781,22793890,0.0259169288,1.5282564418205e-05,210.812863064033,6418.39562323386
"592",325,"2.3","Igushik",3.19156228244239e-15,0.00922817577312069,22793890,0.0259169288,0,1.88540783585523e-09,5451.52291371748
"606",325,"2.4","Igushik",0,0.00141507618849875,22793890,0.0259169288,0,0,835.952896424749
"611",325,"3.1","Igushik",0,NA,22793890,0.0259169288,0,0,NA
"622",325,"3.2","Igushik",0,2.22507385850579e-308,22793890,0.0259169288,1.57745981605694e-07,0,1.31445709559302e-302
"627",325,"3.3","Igushik",3.19156228244239e-15,0.00435263487015623,22793890,0.0259169288,0,1.88540783585523e-09,2571.30870857677
"636",325,"3.4","Igushik",0,NA,22793890,0.0259169288,0.996932515404426,0,NA
"500",325,"0.3","Kuskokwim",NA,1.30082990805146e-20,22793890,NA,0,NA,NA
"520",325,"1.1","Kuskokwim",NA,0.0659853434676112,22793890,NA,0.00175479110441242,NA,NA
"531",325,"1.2","Kuskokwim",NA,0.253634721795579,22793890,NA,0.00127526656450289,NA,NA
"536",325,"1.3","Kuskokwim",NA,0.307911756973896,22793890,NA,7.39416871215339e-06,NA,NA
"550",325,"1.4","Kuskokwim",NA,0.0683651372951171,22793890,NA,0,NA,NA
"564",325,"1.5","Kuskokwim",NA,0.0334157650302631,22793890,NA,8.31630981650985e-07,NA,NA
"570",325,"2.1","Kuskokwim",NA,0.0608359752173963,22793890,NA,1.28035736204924e-05,NA,NA
"577",325,"2.2","Kuskokwim",NA,0.0618194988203074,22793890,NA,1.5282564418205e-05,NA,NA
"597",325,"2.3","Kuskokwim",NA,0.0656945109654776,22793890,NA,0,NA,NA
"605",325,"2.4","Kuskokwim",NA,0.0440113789870354,22793890,NA,0,NA,NA
"621",325,"3.2","Kuskokwim",NA,2.22507386619215e-308,22793890,NA,1.57745981605694e-07,NA,NA
"633",325,"3.3","Kuskokwim",NA,0.0383259114473165,22793890,NA,0,NA,NA
"501",325,"0.3","Kvichak",NA,2.22507385698614e-308,22793890,NA,0,NA,NA
"518",325,"1.1","Kvichak",NA,0.0168158202280649,22793890,NA,0.00175479110441242,NA,NA
"523",325,"1.2","Kvichak",NA,0.477611580263845,22793890,NA,0.00127526656450289,NA,NA
"539",325,"1.3","Kvichak",NA,0.362835082956926,22793890,NA,7.39416871215339e-06,NA,NA
"545",325,"1.4","Kvichak",NA,0.0208605965339244,22793890,NA,0,NA,NA
"557",325,"1.5","Kvichak",NA,0.0121641352712458,22793890,NA,8.31630981650985e-07,NA,NA
"573",325,"2.1","Kvichak",NA,0.0175772010784737,22793890,NA,1.28035736204924e-05,NA,NA
"583",325,"2.2","Kvichak",NA,0.0287770297464683,22793890,NA,1.5282564418205e-05,NA,NA
"591",325,"2.3","Kvichak",NA,0.0450882259781627,22793890,NA,0,NA,NA
"607",325,"2.4","Kvichak",NA,0.010140277380476,22793890,NA,0,NA,NA
"615",325,"3.2","Kvichak",NA,4.12037776160295e-96,22793890,NA,1.57745981605694e-07,NA,NA
"625",325,"3.3","Kvichak",NA,0.0081300505624135,22793890,NA,0,NA,NA
"499",325,"0.3","Naknek",NA,4.01892195582878e-185,22793890,NA,0,NA,NA
"510",325,"1.1","Naknek",NA,0.0110703473684952,22793890,NA,0.00175479110441242,NA,NA
"530",325,"1.2","Naknek",NA,0.331605930054127,22793890,NA,0.00127526656450289,NA,NA
"541",325,"1.3","Naknek",NA,0.514652090381879,22793890,NA,7.39416871215339e-06,NA,NA
"546",325,"1.4","Naknek",NA,0.0169273170947946,22793890,NA,0,NA,NA
"558",325,"1.5","Naknek",NA,0.00645369810577515,22793890,NA,8.31630981650985e-07,NA,NA
"566",325,"2.1","Naknek",NA,0.00898632767598689,22793890,NA,1.28035736204924e-05,NA,NA
"584",325,"2.2","Naknek",NA,0.0326036287882032,22793890,NA,1.5282564418205e-05,NA,NA
"587",325,"2.3","Naknek",NA,0.0652824335590936,22793890,NA,0,NA,NA
"598",325,"2.4","Naknek",NA,0.00676745864225884,22793890,NA,0,NA,NA
"616",325,"3.2","Naknek",NA,5.94881973339351e-60,22793890,NA,1.57745981605694e-07,NA,NA
"631",325,"3.3","Naknek",NA,0.00565076832938623,22793890,NA,0,NA,NA
"503",325,"0.3","North Peninsula",NA,9.70880814885968e-105,22793890,NA,0,NA,NA
"513",325,"1.1","North Peninsula",NA,0.100445225937211,22793890,NA,0.00175479110441242,NA,NA
"524",325,"1.2","North Peninsula",NA,0.170790996345366,22793890,NA,0.00127526656450289,NA,NA
"534",325,"1.3","North Peninsula",NA,0.148594155807758,22793890,NA,7.39416871215339e-06,NA,NA
"543",325,"1.4","North Peninsula",NA,0.0880025877497489,22793890,NA,0,NA,NA
"554",325,"1.5","North Peninsula",NA,0.0565753370666496,22793890,NA,8.31630981650985e-07,NA,NA
"572",325,"2.1","North Peninsula",NA,0.0962438486332269,22793890,NA,1.28035736204924e-05,NA,NA
"582",325,"2.2","North Peninsula",NA,0.113829408252052,22793890,NA,1.5282564418205e-05,NA,NA
"596",325,"2.3","North Peninsula",NA,0.0980358495251515,22793890,NA,0,NA,NA
"601",325,"2.4","North Peninsula",NA,0.0623021048875707,22793890,NA,0,NA,NA
"620",325,"3.2","North Peninsula",NA,3.90502128663002e-72,22793890,NA,1.57745981605694e-07,NA,NA
"623",325,"3.3","North Peninsula",NA,0.0651804857952654,22793890,NA,0,NA,NA
"489",325,"0.1","Nushagak",0,NA,22793890,0.3569141996,0,0,NA
"492",325,"0.2","Nushagak",0,NA,22793890,0.3569141996,5.4191901844133e-07,0,NA
"502",325,"0.3","Nushagak",5.88598997810508e-16,3.69792445377369e-219,22793890,0.3569141996,0,4.78852537153835e-09,3.00843275894061e-212
"504",325,"0.4","Nushagak",0,NA,22793890,0.3569141996,0,0,NA
"508",325,"0.5","Nushagak",0,NA,22793890,0.3569141996,4.15323926408281e-07,0,NA
"515",325,"1.1","Nushagak",0.000836926182330394,0.000202424034748252,22793890,0.3569141996,0.00175479110441242,6808.78199436561,1646.81324604162
"529",325,"1.2","Nushagak",0.0891033172163479,0.483280325182128,22793890,0.3569141996,0.00127526656450289,724896.740847109,3931709.20662178
"533",325,"1.3","Nushagak",0.891930492711382,0.501078182363693,22793890,0.3569141996,7.39416871215339e-06,7256267.52659229,4076503.01529282
"551",325,"1.4","Nushagak",0.00655137253004201,0.00294848251666835,22793890,0.3569141996,0,53298.4488509191,23987.2704355998
"563",325,"1.5","Nushagak",0,3.08927603337672e-05,22793890,0.3569141996,8.31630981650985e-07,0,251.326908821416
"565",325,"2.1","Nushagak",2.98109723445321e-16,0.000112605666993196,22793890,0.3569141996,1.28035736204924e-05,2.42526062655609e-09,916.099237990059
"579",325,"2.2","Nushagak",0.00110648618618233,0.00611675678787607,22793890,0.3569141996,1.5282564418205e-05,9001.77743336312,49762.6485590851
"589",325,"2.3","Nushagak",0.0104714051737144,0.00616495363242883,22793890,0.3569141996,0,85189.7294023801,50154.7522049076
"602",325,"2.4","Nushagak",0,3.13724796052788e-05,22793890,0.3569141996,0,0,255.229647207641
"610",325,"3.1","Nushagak",0,NA,22793890,0.3569141996,0,0,NA
"614",325,"3.2","Nushagak",0,1.2707813105106e-99,22793890,0.3569141996,1.57745981605694e-07,0,1.03383943392575e-92
"628",325,"3.3","Nushagak",5.88598997810508e-16,3.40045755252365e-05,22793890,0.3569141996,0,4.78852537153835e-09,276.642966190385
"635",325,"3.4","Nushagak",0,NA,22793890,0.3569141996,0.996932515404426,0,NA
"493",325,"0.3","Togiak",NA,1.03320078492227e-19,22793890,NA,0,NA,NA
"516",325,"1.1","Togiak",NA,0.00687336498689115,22793890,NA,0.00175479110441242,NA,NA
"526",325,"1.2","Togiak",NA,0.420117231278985,22793890,NA,0.00127526656450289,NA,NA
"535",325,"1.3","Togiak",NA,0.521684332594032,22793890,NA,7.39416871215339e-06,NA,NA
"553",325,"1.4","Togiak",NA,0.0130896495821232,22793890,NA,0,NA,NA
"562",325,"1.5","Togiak",NA,0.00332417805349636,22793890,NA,8.31630981650985e-07,NA,NA
"569",325,"2.1","Togiak",NA,0.00513176431725258,22793890,NA,1.28035736204924e-05,NA,NA
"580",325,"2.2","Togiak",NA,0.0112690885138032,22793890,NA,1.5282564418205e-05,NA,NA
"588",325,"2.3","Togiak",NA,0.0128236395325791,22793890,NA,0,NA,NA
"604",325,"2.4","Togiak",NA,0.00348776401969361,22793890,NA,0,NA,NA
"617",325,"3.2","Togiak",NA,2.56545152904536e-179,22793890,NA,1.57745981605694e-07,NA,NA
"629",325,"3.3","Togiak",NA,0.00219898712114392,22793890,NA,0,NA,NA
"498",325,"0.3","Ugashik",NA,2.22507385886657e-308,22793890,NA,0,NA,NA
"514",325,"1.1","Ugashik",NA,0.0203664061778277,22793890,NA,0.00175479110441242,NA,NA
"528",325,"1.2","Ugashik",NA,0.482919170701693,22793890,NA,0.00127526656450289,NA,NA
"538",325,"1.3","Ugashik",NA,0.352055953945488,22793890,NA,7.39416871215339e-06,NA,NA
"547",325,"1.4","Ugashik",NA,0.0192607010822993,22793890,NA,0,NA,NA
"561",325,"1.5","Ugashik",NA,0.00669688446740255,22793890,NA,8.31630981650985e-07,NA,NA
"575",325,"2.1","Ugashik",NA,0.00928110504113964,22793890,NA,1.28035736204924e-05,NA,NA
"585",325,"2.2","Ugashik",NA,0.0356846179276754,22793890,NA,1.5282564418205e-05,NA,NA
"594",325,"2.3","Ugashik",NA,0.0566903562170157,22793890,NA,0,NA,NA
"600",325,"2.4","Ugashik",NA,0.00923072343589288,22793890,NA,0,NA,NA
"618",325,"3.2","Ugashik",NA,3.83556163421122e-111,22793890,NA,1.57745981605694e-07,NA,NA
"630",325,"3.3","Ugashik",NA,0.00781408100356526,22793890,NA,0,NA,NA
"487",325,"0.1","Wood",0,NA,22793890,0.6171688716,0,0,NA
"491",325,"0.2","Wood",0,NA,22793890,0.6171688716,5.4191901844133e-07,0,NA
"494",325,"0.3","Wood",0.00018738232661121,2.985123235982e-86,22793890,0.6171688716,0,2636.03449049752,4.19937565657452e-79
"506",325,"0.4","Wood",0,NA,22793890,0.6171688716,0,0,NA
"507",325,"0.5","Wood",0,NA,22793890,0.6171688716,4.15323926408281e-07,0,NA
"519",325,"1.1","Wood",1.58505643009418e-16,0.000245688337175933,22793890,0.6171688716,0.00175479110441242,2.2298065642991e-09,3456.2647525052
"521",325,"1.2","Wood",0.867443115493038,0.703672020020435,22793890,0.6171688716,0.00127526656450289,12202911.6210551,9899032.35976234
"542",325,"1.3","Wood",0.129821101799005,0.28578323603688,22793890,0.6171688716,7.39416871215339e-06,1826281.6356561,4020306.93408063
"552",325,"1.4","Wood",3.64081929800946e-16,0.00244563260571508,22793890,0.6171688716,0,5.12178785309614e-09,34404.3753556671
"555",325,"1.5","Wood",0,2.71842641818286e-05,22793890,0.6171688716,8.31630981650985e-07,0,382.419512437677
"567",325,"2.1","Wood",0.000154079319921237,0.00013096418060914,22793890,0.6171688716,1.28035736204924e-05,2167.53847030354,1842.3621018525
"586",325,"2.2","Wood",0.00233977629640401,0.0046533454098768,22793890,0.6171688716,1.5282564418205e-05,32915.222736916,65461.7712271469
"595",325,"2.3","Wood",1.84778733370385e-15,0.00298725329228786,22793890,0.6171688716,0,2.59940797557393e-08,42023.7215148975
"608",325,"2.4","Wood",0,2.39314979356536e-05,22793890,0.6171688716,0,0,336.660639818734
"609",325,"3.1","Wood",0,NA,22793890,0.6171688716,0,0,NA
"619",325,"3.2","Wood",0,5.32663452901034e-47,22793890,0.6171688716,1.57745981605694e-07,0,7.49333866788814e-40
"632",325,"3.3","Wood",5.45447650177356e-05,3.07443549026363e-05,22793890,0.6171688716,0,767.318265618288,432.501727228512
"634",325,"3.4","Wood",0,NA,22793890,0.6171688716,0.996932515404426,0,NA
"639",326,"0.3","Alagnak",NA,2.07941742009532e-308,NA,NA,NA,NA,NA
"650",326,"1.1","Alagnak",NA,0.0045343856550589,NA,NA,NA,NA,NA
"661",326,"1.2","Alagnak",NA,0.376727630755732,NA,NA,NA,NA,NA
"672",326,"1.3","Alagnak",NA,0.538315926738461,NA,NA,NA,NA,NA
"683",326,"1.4","Alagnak",NA,0.00586292928467294,NA,NA,NA,NA,NA
"694",326,"1.5","Alagnak",NA,0.00429978005979968,NA,NA,NA,NA,NA
"706",326,"2.1","Alagnak",NA,0.00248302377668643,NA,NA,NA,NA,NA
"717",326,"2.2","Alagnak",NA,0.0140165451594617,NA,NA,NA,NA,NA
"728",326,"2.3","Alagnak",NA,0.0462530075311379,NA,NA,NA,NA,NA
"740",326,"2.4","Alagnak",NA,0.00296195263343129,NA,NA,NA,NA,NA
"750",326,"3.2","Alagnak",NA,2.07941742009532e-308,NA,NA,NA,NA,NA
"761",326,"3.3","Alagnak",NA,0.00454481840555879,NA,NA,NA,NA,NA
"640",326,"0.3","Egegik",NA,2.08754355906617e-308,NA,NA,NA,NA,NA
"651",326,"1.1","Egegik",NA,0.00389079669252916,NA,NA,NA,NA,NA
"662",326,"1.2","Egegik",NA,0.282551852035611,NA,NA,NA,NA,NA
"673",326,"1.3","Egegik",NA,0.352908215100271,NA,NA,NA,NA,NA
"684",326,"1.4","Egegik",NA,0.0109144440186618,NA,NA,NA,NA,NA
"695",326,"1.5","Egegik",NA,0.00516270536472462,NA,NA,NA,NA,NA
"707",326,"2.1","Egegik",NA,0.00595046709525689,NA,NA,NA,NA,NA
"718",326,"2.2","Egegik",NA,0.111079829817539,NA,NA,NA,NA,NA
"729",326,"2.3","Egegik",NA,0.209248290784795,NA,NA,NA,NA,NA
"741",326,"2.4","Egegik",NA,0.0109312419354312,NA,NA,NA,NA,NA
"751",326,"3.2","Egegik",NA,1.49152322869143e-284,NA,NA,NA,NA,NA
"762",326,"3.3","Egegik",NA,0.00736215715518031,NA,NA,NA,NA,NA
"641",326,"0.3","Igushik",NA,2.09130320978163e-308,NA,NA,NA,NA,NA
"652",326,"1.1","Igushik",NA,0.0368742421660676,NA,NA,NA,NA,NA
"663",326,"1.2","Igushik",NA,0.387304392800348,NA,NA,NA,NA,NA
"674",326,"1.3","Igushik",NA,0.271601384602659,NA,NA,NA,NA,NA
"685",326,"1.4","Igushik",NA,0.049722881249632,NA,NA,NA,NA,NA
"696",326,"1.5","Igushik",NA,0.034115718561473,NA,NA,NA,NA,NA
"708",326,"2.1","Igushik",NA,0.0345048678431603,NA,NA,NA,NA,NA
"719",326,"2.2","Igushik",NA,0.0471841429358874,NA,NA,NA,NA,NA
"730",326,"2.3","Igushik",NA,0.0571740963718174,NA,NA,NA,NA,NA
"742",326,"2.4","Igushik",NA,0.0415287650861081,NA,NA,NA,NA,NA
"752",326,"3.2","Igushik",NA,2.09130320978163e-308,NA,NA,NA,NA,NA
"763",326,"3.3","Igushik",NA,0.0399895083828471,NA,NA,NA,NA,NA
"642",326,"0.3","Kuskokwim",NA,2.49621802926436e-156,NA,NA,NA,NA,NA
"653",326,"1.1","Kuskokwim",NA,5.76544050443702e-05,NA,NA,NA,NA,NA
"664",326,"1.2","Kuskokwim",NA,0.303978078886055,NA,NA,NA,NA,NA
"675",326,"1.3","Kuskokwim",NA,0.67275003446722,NA,NA,NA,NA,NA
"686",326,"1.4","Kuskokwim",NA,0.00460162688042495,NA,NA,NA,NA,NA
"697",326,"1.5","Kuskokwim",NA,5.14811841837653e-05,NA,NA,NA,NA,NA
"709",326,"2.1","Kuskokwim",NA,6.35441401375398e-05,NA,NA,NA,NA,NA
"720",326,"2.2","Kuskokwim",NA,0.00315782660884766,NA,NA,NA,NA,NA
"731",326,"2.3","Kuskokwim",NA,0.0152141081218969,NA,NA,NA,NA,NA
"743",326,"2.4","Kuskokwim",NA,5.9087023235055e-05,NA,NA,NA,NA,NA
"753",326,"3.2","Kuskokwim",NA,2.2250738585072e-308,NA,NA,NA,NA,NA
"764",326,"3.3","Kuskokwim",NA,6.65582829552041e-05,NA,NA,NA,NA,NA
"643",326,"0.3","Kvichak",NA,2.08913859297363e-308,NA,NA,NA,NA,NA
"654",326,"1.1","Kvichak",NA,0.0426072332904301,NA,NA,NA,NA,NA
"665",326,"1.2","Kvichak",NA,0.328468613920419,NA,NA,NA,NA,NA
"676",326,"1.3","Kvichak",NA,0.281404574227112,NA,NA,NA,NA,NA
"687",326,"1.4","Kvichak",NA,0.0526168866007349,NA,NA,NA,NA,NA
"698",326,"1.5","Kvichak",NA,0.0374859435960391,NA,NA,NA,NA,NA
"710",326,"2.1","Kvichak",NA,0.0383068522897161,NA,NA,NA,NA,NA
"721",326,"2.2","Kvichak",NA,0.0714834574957276,NA,NA,NA,NA,NA
"732",326,"2.3","Kvichak",NA,0.0705440314317199,NA,NA,NA,NA,NA
"744",326,"2.4","Kvichak",NA,0.0363368311079576,NA,NA,NA,NA,NA
"754",326,"3.2","Kvichak",NA,3.12648722871712e-116,NA,NA,NA,NA,NA
"765",326,"3.3","Kvichak",NA,0.0407455760401439,NA,NA,NA,NA,NA
"644",326,"0.3","Naknek",NA,2.82787270329437e-224,NA,NA,NA,NA,NA
"655",326,"1.1","Naknek",NA,0.0206875651016583,NA,NA,NA,NA,NA
"666",326,"1.2","Naknek",NA,0.324497875201945,NA,NA,NA,NA,NA
"677",326,"1.3","Naknek",NA,0.449395387380066,NA,NA,NA,NA,NA
"688",326,"1.4","Naknek",NA,0.0244185877685245,NA,NA,NA,NA,NA
"699",326,"1.5","Naknek",NA,0.0143391623304427,NA,NA,NA,NA,NA
"711",326,"2.1","Naknek",NA,0.0124132576268641,NA,NA,NA,NA,NA
"722",326,"2.2","Naknek",NA,0.0479094163948694,NA,NA,NA,NA,NA
"733",326,"2.3","Naknek",NA,0.0695625357833076,NA,NA,NA,NA,NA
"745",326,"2.4","Naknek",NA,0.0191159606493967,NA,NA,NA,NA,NA
"755",326,"3.2","Naknek",NA,4.52301573834877e-58,NA,NA,NA,NA,NA
"766",326,"3.3","Naknek",NA,0.0176602517629257,NA,NA,NA,NA,NA
"645",326,"0.3","North Peninsula",NA,7.90888117187571e-111,NA,NA,NA,NA,NA
"656",326,"1.1","North Peninsula",NA,0.0902519813096957,NA,NA,NA,NA,NA
"667",326,"1.2","North Peninsula",NA,0.119235986578541,NA,NA,NA,NA,NA
"678",326,"1.3","North Peninsula",NA,0.13900216857472,NA,NA,NA,NA,NA
"689",326,"1.4","North Peninsula",NA,0.0983912774275658,NA,NA,NA,NA,NA
"700",326,"1.5","North Peninsula",NA,0.0804521968836699,NA,NA,NA,NA,NA
"712",326,"2.1","North Peninsula",NA,0.0951611557044964,NA,NA,NA,NA,NA
"723",326,"2.2","North Peninsula",NA,0.111810378029795,NA,NA,NA,NA,NA
"734",326,"2.3","North Peninsula",NA,0.103136457238753,NA,NA,NA,NA,NA
"746",326,"2.4","North Peninsula",NA,0.0874674776438353,NA,NA,NA,NA,NA
"756",326,"3.2","North Peninsula",NA,2.80633085532464e-98,NA,NA,NA,NA,NA
"767",326,"3.3","North Peninsula",NA,0.0750909206089277,NA,NA,NA,NA,NA
"646",326,"0.3","Nushagak",NA,5.38609470987405e-203,NA,NA,NA,NA,NA
"657",326,"1.1","Nushagak",NA,0.031398304030139,NA,NA,NA,NA,NA
"668",326,"1.2","Nushagak",NA,0.403715174658353,NA,NA,NA,NA,NA
"679",326,"1.3","Nushagak",NA,0.3345014120774,NA,NA,NA,NA,NA
"690",326,"1.4","Nushagak",NA,0.0519647931317751,NA,NA,NA,NA,NA
"701",326,"1.5","Nushagak",NA,0.0182830720490702,NA,NA,NA,NA,NA
"703",326,"2.1","Nushagak",NA,0.0281863922960848,NA,NA,NA,NA,NA
"714",326,"2.2","Nushagak",NA,0.0373750260222497,NA,NA,NA,NA,NA
"725",326,"2.3","Nushagak",NA,0.0381935709820552,NA,NA,NA,NA,NA
"736",326,"2.4","Nushagak",NA,0.0313888043744655,NA,NA,NA,NA,NA
"747",326,"3.2","Nushagak",NA,1.84192605762723e-158,NA,NA,NA,NA,NA
"758",326,"3.3","Nushagak",NA,0.0249934503784068,NA,NA,NA,NA,NA
"637",326,"0.3","Togiak",NA,2.53912943555849e-36,NA,NA,NA,NA,NA
"648",326,"1.1","Togiak",NA,5.62391731922366e-05,NA,NA,NA,NA,NA
"659",326,"1.2","Togiak",NA,0.359349713100898,NA,NA,NA,NA,NA
"670",326,"1.3","Togiak",NA,0.624489195257003,NA,NA,NA,NA,NA
"681",326,"1.4","Togiak",NA,0.00764155332247396,NA,NA,NA,NA,NA
"692",326,"1.5","Togiak",NA,5.38442409591395e-05,NA,NA,NA,NA,NA
"704",326,"2.1","Togiak",NA,7.06921846077256e-05,NA,NA,NA,NA,NA
"715",326,"2.2","Togiak",NA,0.00316946970177664,NA,NA,NA,NA,NA
"726",326,"2.3","Togiak",NA,0.00506487186115503,NA,NA,NA,NA,NA
"737",326,"2.4","Togiak",NA,5.61407585938704e-05,NA,NA,NA,NA,NA
"748",326,"3.2","Togiak",NA,9.41862139706647e-153,NA,NA,NA,NA,NA
"759",326,"3.3","Togiak",NA,4.82803993405455e-05,NA,NA,NA,NA,NA
"638",326,"0.3","Ugashik",NA,2.11603818767132e-308,NA,NA,NA,NA,NA
"649",326,"1.1","Ugashik",NA,0.0246061381539224,NA,NA,NA,NA,NA
"660",326,"1.2","Ugashik",NA,0.390397870498655,NA,NA,NA,NA,NA
"671",326,"1.3","Ugashik",NA,0.287996009743532,NA,NA,NA,NA,NA
"682",326,"1.4","Ugashik",NA,0.0368194267701281,NA,NA,NA,NA,NA
"693",326,"1.5","Ugashik",NA,0.0320458374404699,NA,NA,NA,NA,NA
"705",326,"2.1","Ugashik",NA,0.0368378297191706,NA,NA,NA,NA,NA
"716",326,"2.2","Ugashik",NA,0.0562593758628619,NA,NA,NA,NA,NA
"727",326,"2.3","Ugashik",NA,0.0673968507195619,NA,NA,NA,NA,NA
"738",326,"2.4","Ugashik",NA,0.0337647934128485,NA,NA,NA,NA,NA
"749",326,"3.2","Ugashik",NA,3.46928719775811e-111,NA,NA,NA,NA,NA
"760",326,"3.3","Ugashik",NA,0.0338758676788492,NA,NA,NA,NA,NA
"647",326,"0.3","Wood",NA,1.12281101766107e-198,NA,NA,NA,NA,NA
"658",326,"1.1","Wood",NA,0.00118427831083723,NA,NA,NA,NA,NA
"669",326,"1.2","Wood",NA,0.612365045806846,NA,NA,NA,NA,NA
"680",326,"1.3","Wood",NA,0.360329788095162,NA,NA,NA,NA,NA
"691",326,"1.4","Wood",NA,0.00626518770210241,NA,NA,NA,NA,NA
"702",326,"1.5","Wood",NA,0.000515515244818107,NA,NA,NA,NA,NA
"713",326,"2.1","Wood",NA,0.00103056230982179,NA,NA,NA,NA,NA
"724",326,"2.2","Wood",NA,0.010708303795693,NA,NA,NA,NA,NA
"735",326,"2.3","Wood",NA,0.00615160195145147,NA,NA,NA,NA,NA
"739",326,"2.4","Wood",NA,0.000732035033949761,NA,NA,NA,NA,NA
"757",326,"3.2","Wood",NA,8.41819233623e-50,NA,NA,NA,NA,NA
"768",326,"3.3","Wood",NA,0.000717681749318325,NA,NA,NA,NA,NA
