w,district,stream,year,catch.esc,n.fish,n.sample,n.periods,X01,X02,X03,X04,X05,X11,X12,X13,X14,X15,X21,X22,X23,X24,X31,X32,X33,X34
1,321,0,1963,catch,188,172,4,0,0,0,0,0,0,15.28028661,53.04530228,0,0,0.24,101.979579,17.45483206,0,0,0,0,0
2,321,0,1964,catch,539,513,4,0,0,0,0,0,0,344.779601,41.51408631,0,0,0,123.1370889,29.5692238,0,0,0,0,0
3,321,0,1965,catch,902,2037,9,0,0,6.419356237,0,0,0.209677419,122.1448649,175.2341814,0.419947507,0,0,527.6743984,69.89757414,0,0,0,0,0
4,321,0,1966,catch,442,2290,14,0,0,0.144578313,0,0,0,16.6027829,118.9442785,0,0,0,64.72135609,236.7852358,0,0,2.319488818,2.482279516,0
5,321,0,1967,catch,139,1448,9,0,0,0,0,0,0,3.070032331,41.71933271,0.700114795,0,0,49.80433152,43.53334914,0,0,0,0.172839506,0
6,321,0,1968,catch,82,1838,9,0,0,0.085260771,0,0,0,14.18326855,9.629467215,0.040816327,0,0.097959184,44.69317575,13.01535353,0.052884615,0,0.201814059,0,0
7,321,0,1969,catch,118,1224,4,0,0.218867925,0,0,0,0,34.57191096,5.804596125,0.026768642,0,0.218867925,70.22432267,6.715797828,0,0,0.218867925,0,0
8,321,0,1970,catch,80,551,2,0,0,0.061433447,0,0,0,36.21985872,7.334232876,0,0,0,32.16419293,4.220282033,0,0,0,0,0
9,321,0,1971,catch,945,1406,12,0,0,0,0.08988764,0,0,26.15468459,740.3684595,0.540229885,0,0,89.30086048,85.6052052,0,0,2.366197183,0.574475524,0
10,321,0,1972,catch,15,617,3,0,0,0,0,0,0.034722222,1.410584953,4.56208869,0.04193722,0,0,5.793450922,3.157215994,0,0,0,0,0
11,321,0,1975,catch,14,266,1,0,0,0,0,0,0,3.578947368,0.315789474,0,0,0,7.894736842,1.736842105,0,0,0.473684211,0,0
12,321,0,1977,catch,71,295,3,0,0,1.303030303,0,0,0,2.29748431,13.32710061,0,0,0,19.72880266,33.69206697,0,0,0,0.651515152,0
13,321,0,1978,catch,3,33,1,0,0,0,0,0,0,0.181818182,0.272727273,0,0,0.090909091,0.727272727,1.454545455,0.090909091,0,0.090909091,0.090909091,0
14,321,0,1979,catch,388,2291,27,0,0.477272727,0,0,0,0,212.8347531,8.702843021,0.09375,0,0.125,141.1078308,22.40802382,0,0,1.827654265,0.42287234,0
15,321,0,1980,catch,816,1757,24,0,0,0.25,0,0,0,424.3317376,96.75318685,0.217171717,0,1.805343494,267.9478385,24.23162367,0,0,0.463098135,0,0
16,321,0,1981,catch,2071,1048,7,0,0,11.50451144,0,0,0,316.2752318,805.0647014,0,0,0,808.8509495,127.2931116,0,0,2.011494253,0,0
17,321,0,1982,catch,510,481,2,0,0,2.5,0,0,0,36.71940928,341.0970464,2.5,0,0,57.58438819,69.59915612,0,0,0,0,0
18,321,0,1983,catch,3349,1070,8,0,0,0,0,0,0,2174.89687,337.5754926,11.96220317,0,0,679.086427,138.4148065,0,0,4.642578674,2.421621622,0
19,321,0,1984,catch,2646,599,5,0,0,6.904702924,0,0,0,838.5474766,581.3624005,4.093457944,0,0,947.3461161,267.7458459,0,0,0,0,0
20,321,0,1985,catch,6418,3212,9,0,0,6.995540691,0,0,0,1093.641939,1943.073616,13.77926421,0,0,2849.085164,511.4244766,0,0,0,0,0
21,321,0,1986,catch,4972,4264,9,0,0,6.279385553,0,0,0.741060419,377.9898946,2243.808186,3.759656652,0,0,1701.638947,634.1722438,2.869565217,0,0.741060419,0,0
22,321,0,1987,catch,2057,3148,6,0.723591549,0.687007874,7.883649368,1.106575964,0,0,380.6879298,514.8320407,2.975386812,0,0,433.5009659,712.4449807,1.276879531,0,0.880991736,0,0
23,321,0,1988,catch,1532,3069,8,0,0.666666667,1.592605844,0.735955202,0,0,292.9872591,279.5632638,7.732262115,0,7.207786016,402.3189281,538.0990917,0.609756098,0,0,0.486425339,0
24,321,0,1989,catch,3178,4160,10,0,1.524205026,5.370843367,0,0,0,242.6068539,363.0160056,3.345634515,0,0,2306.307959,252.2580428,1.825208138,0,1.745247148,0,0
25,321,0,1990,catch,2106,2652,6,0,2.60664496,18.66571343,0,0,0,312.9449757,505.585964,12.62596421,0,0,665.6210138,584.3365925,0.719191919,0,2.893939394,0,0
26,321,0,1991,catch,3016,3102,10,0,0,6.073865131,0.078431373,0,0,341.1879772,1432.234191,2.57069744,0,0,854.3390027,375.0689474,0,0,0,4.446887355,0
27,321,0,1992,catch,3321,2477,7,0,0,6.3125,0,0,0,168.1062691,997.1997734,55.81198589,0,0,1040.768292,1043.543714,5.594159172,0,3.663305826,0,0
28,321,0,1993,catch,4175,3549,9,0,0,5.233173227,0,0,0,354.2663611,395.9598204,16.76614708,0,2.434516185,1689.412757,1688.939957,10.75642189,0,11.23084646,0,0
29,321,0,1994,catch,4265,5156,10,0,1.285936114,11.90037318,0,0,0,182.864024,357.6910915,23.04192009,0,2.023386489,1570.02032,2044.319771,30.97029553,0,34.27161201,6.611270656,0
30,321,0,1995,catch,4454,8195,15,0,2.261807921,0.431855501,1.546666667,0,0,1103.213391,475.6797191,11.65045667,0,0,1844.517675,985.427824,1.559642049,0,9.802804164,17.90815754,0
31,321,0,1996,catch,4355,4441,12,0,0,46.19464168,0,0,0,131.9509451,2547.417565,1.752090815,0,0,541.9916022,1079.657707,1.37132961,0,1.627906977,3.03621168,0
32,321,0,1997,catch,1361,2220,8,0,0,0.572755792,0.813164668,0,0,123.036861,416.1896114,14.55531271,0,0,578.0196279,224.9098021,2.902864388,0,0,0,0
33,321,0,1998,catch,702,901,3,0,0,0,0,0,0,51.80508858,132.0416716,0.313084112,0,0,70.20166818,445.2294625,2.409025072,0,0,0,0
34,321,0,1999,catch,2223,2498,9,0,0,0,0,0,0,1362.616311,211.7649678,15.36345925,0,0.216266174,488.5802582,135.735097,5.965931699,0,0,2.757709251,0
35,321,0,2000,catch,1422.94,2422,7,0,0,0,0,0,0,95.19474243,974.0187867,4.969681617,0,0,121.2015052,226.0288602,0,0,0.763211921,0.763211921,0
36,321,0,2001,catch,385.2164456,2752,8,0,0,0,0,0,0,70.96394831,242.3994781,16.55146028,0.054656471,0.054656471,23.27590946,29.66400945,1.91075664,0,0.073556738,0.268013723,0
37,321,0,2002,catch,1569,2088,7,0,0,0,0,0,0,37.2397673,392.9165146,11.03589822,0,0.324,1053.880153,71.5174112,0.108153339,0,1.97810219,0,0
38,321,0,2003,catch,1714,6440,19,0,0,0,0,0,0.404189641,507.3295616,214.0417494,10.85737796,0.130841121,3.251281579,467.8756829,487.0403799,0.594982289,0,21.62017998,0.853773585,0
39,321,0,2004,catch,3112.627,3821,14,0,0,0,0,0,0,1242.701598,521.3852508,3.305223217,0,0,1159.91581,181.9034218,0,0,2.179830238,1.235866232,0
40,321,0,2005,catch,2186.643686,1725,8,0,0,0,0,0,0,245.1492921,1536.320131,1.809052615,0,0,68.09995573,335.2249161,0.040337718,0,0,0,0
41,321,0,2006,catch,2426.473,2988,13,0,0,8.351710453,0.400448,0,0.753592233,1160.186509,908.5131347,23.47312199,0,0,168.1995474,153.938793,2.656143401,0,0,0,0
42,321,0,2007,catch,5023.548,4199,17,0,0,0,0,0,0,2278.214988,1962.24163,56.00968433,0,0,380.0977566,346.8386028,0,0,0,0.145338164,0
43,321,0,2008,catch,2322,4146,15,0,0,0.722023422,0.75,0,0.241025641,1091.102207,1030.439018,13.16218509,0.646551724,0,151.3875922,32.9739257,0.5,0,0.075471698,0,0
44,321,0,2009,catch,2520.415,4205,17,0,0,0,0,0,0.860009852,554.7248501,1056.979062,6.815491193,0,0,770.0476842,130.987903,0,0,0,0,0
45,321,100,1963,esc,388,343,10,0,0,0,0,0,0.771428571,7.915272415,66.6489614,0.861111111,0,2.814285714,283.4696489,25.51929187,0,0,0,0,0
46,321,100,1964,esc,396,2073,17,0,0,0,0,0,0.053892216,298.773473,5.184353169,0,0,4.713992966,76.62223087,10.65205777,0,0,0,0,0
47,321,100,1965,esc,997,2622,22,0,0,0,0,0,0,97.67369786,58.23376816,0,0,1.040706898,817.8583133,22.19351383,0,0,0,0,0
48,321,100,1966,esc,628,1503,11,0,0,0.392857143,0,0,0,40.94734573,237.6596744,0.800482351,0,0.581094596,145.0599797,202.5585661,0,0,0,0,0
49,321,100,1967,esc,232,1597,13,0,0,0,0,0,0.116809117,6.110650285,71.77530396,0,0,0.042735043,91.14479492,62.80970668,0,0,0,0,0
50,321,100,1968,esc,62,505,16,0,0,0,0,0,0,8.135707094,8.664979533,0.026431718,0,7.786665238,28.76641256,8.453016369,0.140355769,0,0,0.026431718,0
51,321,100,1969,esc,230,471,13,0,0.055555556,0,0,0,0.123287671,34.85160743,3.701863625,2.547945205,0,3.308793007,168.0683288,17.34261869,0,0,0,0,0
52,321,100,1970,esc,731,1160,10,0,0,0,0,0,0,568.1923353,12.81975881,0,0,0,145.0854247,4.902481128,0,0,0,0,0
53,321,100,1971,esc,291,755,9,0,0,0,0,0,0,24.3868696,251.6209281,0,0,0,5.088052005,9.904150317,0,0,0,0,0
54,321,100,1972,esc,83,672,11,0,0,0,0,0,0,10.27241995,35.03988695,0.077027027,0,0,25.02772745,12.58293862,0,0,0,0,0
55,321,100,1973,esc,37,411,6,0,0,0,0,0,0,2.648683546,5.886855908,0,0,0.207792208,7.829146201,20.40298226,0,0,0.024539877,0,0
56,321,100,1974,esc,61,482,8,0,0,0,0,0,0,3.391288197,5.092283579,0,0,0.192127122,48.26570123,3.951457014,0.107142857,0,0,0,0
57,321,100,1975,esc,442,1442,14,0,0,0,0,0,0,157.8772739,1.139271708,0,0,0,260.009528,21.83078963,0.169354839,0,0.973781966,0,0
58,321,100,1977,esc,201,903,9,0,0,0,0,0,0,15.63699511,35.5281551,0,0,0,81.81423345,67.88590132,0,0,0.067357513,0.067357513,0
59,321,100,1978,esc,67,894,15,0,0,0,0,0,0.924175544,8.692934992,4.88300298,0,0,10.25123584,13.95230637,26.81665375,0.104960678,0,0.887596146,0.4871337,0
60,321,100,1979,esc,1688,2163,21,0,0,0,0,0,0,1221.373218,3.135868527,0,0,5.174670327,441.2702207,12.68013298,0,0,2.077389201,2.288500227,0
61,321,100,1980,esc,3321,1761,17,0,0,0,0,0,0.810126582,1481.298685,438.610677,0,0,55.8961574,1310.970172,33.41418235,0,0,0,0,0
62,321,100,1981,esc,1327,1746,22,0,0,0,0,0,0,209.1124113,591.996742,0,0,0,367.2289111,158.6619355,0,0,0,0,0
63,321,100,1982,esc,1156,1230,17,0,0,0,0,0,20.12186336,133.6058337,774.9502619,1.246774345,0,2.768949313,77.69050253,144.9438149,0.672,0,0,0,0
64,321,100,1983,esc,999,2090,16,0,0,0,0,0,0.954113597,824.5126473,57.61913,0.068571429,0,8.89300079,76.83583099,30.11670586,0,0,0,0,0
65,321,100,1984,esc,1240,2396,16,0,0.142857143,0,0,0,0.795683692,439.5672259,122.7940995,0.253822434,0,32.98440365,590.6597524,52.22039418,0.581761006,0,0,0,0
66,321,100,1985,esc,988,4884,22,0,0,0,0,0,3.425727855,290.5347493,169.7697028,7.471128577,0,4.915740239,447.7445297,64.13842151,0,0,0,0,0
67,321,100,1986,esc,1001,1327,13,0,0,0,0,0,0,45.11029212,370.520281,4.02748226,0,0.238095238,393.6983286,186.101173,1.304347826,0,0,0,0
68,321,100,1987,esc,669,2883,22,0,0.460631724,2.31535527,0,0,0.058781096,238.7047401,132.7243247,0.176029016,0,3.041070257,133.4531603,158.0659076,0,0,0,0,0
69,321,100,1988,esc,643,2723,18,0,0.729349021,3.99444146,0,0,0.388888889,153.0688436,63.24242783,0.742857143,0,41.18386348,189.2819263,190.2377727,0.12962963,0,0,0,0
70,321,100,1989,esc,1535,3712,20,0,2.076380545,1.921901185,0,0,0.45430791,231.5993375,160.7296772,0,0,0.83931789,1079.127626,57.86811852,0.383333333,0,0,0,0
71,321,100,1990,esc,728,2335,18,0,1.726457399,13.26896917,0,0,0.083333333,153.7004645,174.3741111,0,0,0.676406926,290.1879069,93.98235068,0,0,0,0,0
72,321,100,1991,esc,2456,3030,18,0,0.453004622,1.496298982,0,0,1.681823027,429.5844221,982.1328976,0,0,10.46594317,920.8015762,109.3840342,0,0,0,0,0
73,321,100,1992,esc,2168,2644,13,0,2.397857822,0.949152542,0,0,4.687326508,209.4437636,546.2739265,10.97183927,0,26.03771413,780.0613272,586.5520925,0,0,0.625,0,0
74,321,100,1993,esc,1387,2054,11,0,0,1.718045113,0,0,0.870300752,247.7004093,202.2977576,2.374427559,0,11.7577456,377.4786704,538.5889674,4.213676294,0,0,0,0
75,321,100,1994,esc,1079,1861,14,0,0,0,0,0,6.021209283,115.1652582,33.74906241,0,0,10.6713286,716.8117123,192.255217,3.931308155,0,0.394904037,0,0
76,321,100,1995,esc,1304,2138,15,0,1.254918726,0,0,0,5.976223741,547.8604579,157.937198,0,0,0.393939394,448.6539539,141.9233084,0,0,0,0,0
77,321,100,1996,esc,668,1260,12,0,0.266666667,5.938923422,0,0,1.55597162,57.63643582,485.205323,0.372222222,0,7.702786991,55.0525217,54.26914857,0,0,0,0,0
78,321,100,1997,esc,588,1245,11,0,0,0.722222222,0,0,15.87209123,133.8185527,150.8647567,0.237837838,0,4.119021942,234.3776146,47.98790273,0,0,0,0,0
79,321,100,1998,esc,868,1176,13,0,2.504895217,0.87804878,0,0,8.946471053,166.2205742,182.1263334,0.283333333,0,6.824936898,160.5345117,339.4986037,0.182291667,0,0,0,0
80,321,100,1999,esc,1615,1411,6,0,0,0,0,0,0,1273.069308,130.4280936,4.163461538,0,0,147.0605243,50.81835659,9.46025641,0,0,0,0
81,321,100,2000,esc,620.04,1541,14,0,0,0,0,0,0,96.27758532,444.2690697,1.305129625,0,0,39.47047285,38.71774255,0,0,0,0,0
82,321,100,2001,esc,804.042,1357,11,0,0,0,0,0,1.138956522,146.4520126,606.9138407,0.657565596,0,2.551112542,8.110453826,38.21805815,0,0,0,0,0
83,321,100,2002,esc,882.65,1321,10,0,0,0,0,0,3.35865996,93.27494892,231.1834076,0.56018018,0,0.0178125,549.5602357,4.134575005,0.56018018,0,0,0,0
84,321,100,2003,esc,752.54,1338,11,0,0,0,0,0,1.714318182,510.8273207,63.61391576,0.545426357,0,19.71058719,106.5906901,49.53774167,0,0,0,0,0
85,321,100,2004,esc,770.358,1374,11,0,0,0,0,0,0.554433566,364.8473804,141.7677081,0.345865385,0,0.35,230.5334034,31.46904592,0.490163265,0,0,0,0
86,321,100,2005,esc,770.676,1358,12,0,0,0,0,0,7.251205524,105.1593086,572.3699905,2.003262965,0,1.881054852,16.77182409,65.2393535,0,0,0,0,0
87,321,100,2006,esc,968.926,1314,6,0,9.376503048,0,0,0,9.739729282,664.005822,249.6608273,0,0,0.221929648,23.5805297,12.34065904,0,0,0,0,0
88,321,100,2007,esc,2469.666,1304,11,0,0,0,0,0,11.00435687,1953.049454,406.4961682,2.74126087,0,0,62.33588031,34.03888023,0,0,0,0,0
89,321,100,2008,esc,561,868,10,0,0,0,0,0,0.535292239,259.0449686,289.7534416,0,0,0.327227723,5.83463935,5.504430451,0,0,0,0,0
90,321,100,2009,esc,1304.874,704,10,0,0,0,0,0,61.47046499,283.0093976,450.8309756,4.110964994,0,1.80911811,487.0680001,16.57507859,0,0,0,0,0
91,322,0,1963,catch,696,108,3,0,0,0,0,0,0,6,23.55930931,0,0,0,412.1238739,219.9279279,0,0,33.38888889,1,0
92,322,0,1964,catch,871,1158,6,0,0,0,0,0,0,188.9303207,75.23592067,0,0,0,426.0555463,132.7719054,0,0,10.3200483,37.68625858,0
93,322,0,1965,catch,3149,6053,22,0,0,1.222162364,0,0,0,60.24896443,193.187955,0,0,0,2598.431006,287.6567046,0,0,6.744772771,1.508435037,0
94,322,0,1966,catch,2098,3232,17,0,0,0,0,0,0,13.72387099,170.1291315,0,0,0,267.6573461,1592.117289,0.194968553,0,36.89356333,17.28383022,0
95,322,0,1967,catch,847,1701,9,0,0,0,0,0,0,7.777860235,13.49480519,0,0,0,305.5554113,507.5598639,0,0,4.56611008,8.045949289,0
96,322,0,1968,catch,655,2953,12,0,0,0,0,0,0,87.46558988,68.26214579,0,0,0.042372881,271.6234044,208.5195446,0,0,12.31560482,6.771337631,0
97,322,0,1969,catch,802,1901,8,0,0,0,0,0,0,52.21371904,17.04725466,0.094117647,0,0.094117647,554.1798696,140.7337162,0,0,30.93992679,6.697278459,0
98,322,0,1970,catch,1124,1646,14,0,0,0.161764706,0,0,0,125.7098858,32.29702266,0,0,0,830.4958032,102.2583876,0,0,27.10468421,5.972451884,0
99,322,0,1971,catch,1294,2619,16,0,0,3.180171256,0,0,0,39.71812277,474.7033667,1.328640528,0,0,315.7533749,455.0598627,0,0,0.582089552,3.67437155,0
100,322,0,1972,catch,795,1400,8,0,0,1.011673152,0,0,0,21.03769271,125.720987,0.899618959,0,0,233.2770716,387.6119142,1.047013046,0,8.745492571,15.64853675,0
101,322,0,1973,catch,220,925,6,0,0,0,0,0,0,3.979826778,14.39115316,0,0,0,31.88774056,169.2847578,0,0,0,0.456521739,0
102,322,0,1974,catch,168,547,3,0,0,0,0,0,0,15.38389819,18.03256431,0,0,0,104.632401,29.95113652,0,0,0,0,0
103,322,0,1975,catch,960,1342,9,0,0,0,0,0,0,19.98453183,38.28184351,0,0,0,325.8485229,424.9385508,2.125714286,0,146.6951225,2.125714286,0
104,322,0,1977,catch,1740,1710,15,0,2.01459854,0,0,0,0,61.14938497,35.17482938,0,0,0,978.1486661,602.0080801,0,0,42.98042858,18.52401233,0
105,322,0,1978,catch,1078,1535,10,0,0,0,0,0,0,86.88045439,74.91908222,0,0,0,264.7547092,594.33167,0.728346457,0,26.7325546,29.65318317,0
106,322,0,1979,catch,2254,3388,29,0,0.517449107,0,0,0,0.438016529,125.5297771,91.56510091,0,0,11.61192469,1480.244947,519.4329086,0,0,17.45510446,7.204772055,0
107,322,0,1980,catch,2426,2065,27,0,0,3.158205748,0,0,1.865501792,363.8330615,210.660777,0,0,9.699732388,1476.655192,309.2402013,0,0.471698113,39.45931647,10.9563135,0
108,322,0,1981,catch,4229,2461,17,0,0,0,0,0,0,608.6448719,595.1838829,0,0,0,2396.478799,617.3097297,0,0,9.780444147,1.602272727,0
109,322,0,1982,catch,2280,3676,18,0,0,0.842696629,0,0,0,196.4292974,1160.269055,1.962962963,0,0,380.8246098,539.6713782,0,0,0,0,0
110,322,0,1983,catch,6720,2276,21,0,0,0,0,0,0,618.6243843,390.3148846,5.913997669,0,4.371712538,5155.123738,500.5608163,0,0,45.09046631,0,0
111,322,0,1984,catch,4890,1642,18,0,0,27.46456494,7.016393443,0,0,526.3442757,413.4211739,0,0,2.668918919,2131.758643,1764.49892,0,0,9.810716243,7.016393443,0
112,322,0,1985,catch,7510,1697,10,0,0,0,0,0,0,437.6251774,2019.37168,2.252808989,0,12.35707149,3728.449394,1296.868093,5.411483254,0,0,7.664292242,0
113,322,0,1986,catch,4779,2883,16,0,0,2.781759483,0,0,0,714.4811139,1041.936704,13.90093417,0,0,2324.950194,674.8857003,0,0,6.06359447,0,0
114,322,0,1987,catch,5222,3665,8,0,0,0,0,0,1.762096774,1358.731412,1344.951866,4.513690103,0,0,1375.079968,1130.544752,0,0,6.416215718,0,0
115,322,0,1988,catch,6400,8826,29,0,1.756097561,5.203254582,0.156462585,0,0,423.1522646,1994.28888,6.11424447,0,13.63982755,2567.251438,1358.927652,0,0,24.78184774,4.728031163,0
116,322,0,1989,catch,8701,9235,31,0,0,6.508132372,0,0,0.48707483,543.2283726,700.4769115,5.524288604,0.485347985,3.628611378,5171.263692,2252.142357,0.382695507,0.633093525,15.75407442,0.485347985,0
117,322,0,1990,catch,10087,22555,32,0,0.142268041,6.895113725,0,0,0,1809.930532,702.3171306,7.014322299,0,1.868627754,3695.783971,3663.874019,13.02481754,0,175.7900321,10.35916563,0
118,322,0,1991,catch,6801,19490,32,0,0.36832998,5.225463146,0,0,0,720.0688363,2457.702059,6.64730381,0,7.830791779,2732.039919,832.7480822,8.667689775,0,2.796199155,26.90532525,0
119,322,0,1992,catch,15670,6544,29,0,1.338521401,0,0,0,0,467.9023784,3508.089477,94.74638321,0,115.9237706,7950.63751,3449.361447,0,0,67.99223709,14.0082752,0
120,322,0,1993,catch,21820,4717,18,0,0,3.441281139,0,0,0,415.3908343,1150.127057,104.4262509,0,0,9697.354225,10242.75315,74.16164858,0,88.61202641,43.73352655,0
121,322,0,1994,catch,10797,7714,20,0,3.480733945,1.640116546,0,0,0,284.2285937,431.8020085,2.282122384,0,3.938545108,4714.645375,5082.278088,25.01685478,0,194.2125586,53.47500331,0
122,322,0,1995,catch,14461,8746,28,0,3.888309966,1.235093697,0,0,0,1243.962749,780.9231016,4.378606485,0,0.895306859,8417.626923,3678.097741,2.503787879,0,143.6058199,183.8825614,0
123,322,0,1996,catch,10842,7259,32,0,0,26.25231305,0.607218684,0,1.642857143,269.8131364,3337.402757,2.013942618,0,7.018416594,2915.329832,4247.523155,1.068669528,0,12.18962642,21.13807555,0
124,322,0,1997,catch,7567,5146,23,0,0.276315789,8.317257327,2.739691615,0,0.86,435.0366464,1004.345675,44.97249891,0,0,3747.457404,2251.491768,31.87399809,0,15.04897344,24.57977112,0
125,322,0,1998,catch,3558,3998,12,0,0,0,0,0,0,278.2615914,462.0602064,5.04146867,0,0,600.2628861,2167.4164,1.129806612,0,37.42790479,6.399735544,0
126,322,0,1999,catch,7395,3626,11,0,0,0,0,0,0,2589.151946,830.1629123,12.08247247,0,0,3117.990481,822.8622115,12.03606039,0,2.447370766,8.266545289,0
127,322,0,2000,catch,7095.263,5653,16,0,0,0,0,0,0,421.8049736,2708.510056,0.239223776,0,0,1421.934272,2528.181864,0,0,13.54678622,1.045823276,0
128,322,0,2001,catch,2840.61602,7359,19,0,0,0,0,0,0,25.85127276,1384.949131,11.37318748,0,1.213899085,365.0179199,1030.762781,9.448830407,0,7.240924995,4.758073459,0
129,322,0,2002,catch,4587,4866,12,0,0,0,0,0,0,84.32332279,243.6913929,29.33844875,0,1.302491103,2907.663833,1278.900038,4.117682514,1.302491103,28.89537245,7.464928355,0
130,322,0,2003,catch,2276,5619,14,0,0,0,0,0,0.166287016,144.6101794,175.7383686,2.934758066,0,21.47384313,404.287561,1351.63394,3.113848788,0,167.1078541,4.933360176,0
131,322,0,2004,catch,9999.39247,6243,18,0,0,0,0,0,0,1333.830995,534.7939257,1.451900912,0,2.972295964,7521.77017,555.077183,3.570636364,0,15.23130914,30.69405371,0
132,322,0,2005,catch,7962.96701,4483,15,0,0,0,0,0,0,238.4069708,2372.003129,5.602991833,0,0.659023281,2866.218707,2454.339129,2.031156673,0,23.60490127,0.101000693,0
133,322,0,2006,catch,7404.806,4047,16,0,0,0,1.910663158,0,2.517471963,955.7669346,1056.732396,17.71321055,0,2.517471963,1415.894357,3930.765027,3.282270927,0,15.50952134,2.196675211,0
134,322,0,2007,catch,6465.086,4116,16,0,0,0,0,0,0,2116.010504,1852.421948,5.621092435,0,6.825192118,1014.053956,1455.704909,1.276276699,0,1.855115207,11.31700589,0
135,322,0,2008,catch,7361,4443,17,0,0,0,0,0,0.126696833,2092.968196,3339.160281,15.93029247,0,2.47289824,1510.940686,397.6832454,0,0,0.858851675,0.858851675,0
136,322,0,2009,catch,11434.597,5074,24,0,0,0,0,0,0,637.2249285,3384.673134,76.26407138,0,2.87038346,5235.058181,2080.605792,5.955698761,0,11.94481081,0,0
137,322,100,1962,esc,1027,78,3,0,0,0,0,0,0,1.258064516,1.485714286,0.742857143,0,1.258064516,342.6768049,679.5784946,0,0,0,0,0
138,322,100,1963,esc,988,579,14,0,0,0,0,0,0,40.74652544,34.93816841,0,0,2.120879121,478.2633566,372.6963276,0,0,46.0799809,13.1547619,0
139,322,100,1965,esc,1436,2043,11,0,0,0,0,0,0,15.75746679,53.04540521,0.287878788,0,0,1279.943196,84.84131382,0,0,2.124739317,0,0
140,322,100,1966,esc,804,1292,12,0,0,0,0,0,0,1.45591856,26.22763826,0,0,0.356643357,147.0461957,617.3593781,0,0,9.107232142,2.446993882,0
141,322,100,1967,esc,627,1536,14,0,0,0.687861272,0,0,0.203488372,1.239022586,9.662069623,0,0,2.01334277,334.6926657,242.6491001,0,0,16.73611646,19.11633319,0
142,322,100,1968,esc,337,635,14,0,0,0,0,0,0,24.71932342,26.11069319,0,0,4.919161219,180.9890502,86.80177148,0,0,11.43616669,2.023833824,0
143,322,100,1969,esc,1015,1155,17,0,0,0,0,0,0,18.90442673,19.91278944,0,0,22.69879968,773.9572697,129.9083945,0,0,42.0948118,7.523508191,0
144,322,100,1970,esc,918,1329,11,0,0,0,0,0,0,60.37773346,3.121382568,0,0,0.092485549,759.4235975,63.12032213,0,0,31.33569364,0.528785165,0
145,322,100,1971,esc,634,564,9,0,0,0,0,0,0,23.59588968,166.8774407,0,0,0.353846154,208.7910229,231.0348226,0,0,2.993131868,0.353846154,0
146,322,100,1972,esc,544,970,11,0,0,0,0,0,0,6.731742602,43.73459238,0,0,0,277.894018,210.5220726,0,0,0.657142857,4.460431655,0
147,322,100,1973,esc,325,915,18,0,0,0,0,0,0,4.574716073,22.00596359,0,0,2.297081413,30.91097986,259.995916,0,0,0.547801325,4.667541744,0
148,322,100,1974,esc,1276,967,19,0,0,0,0,0,0,52.48023592,89.18867584,0,0,0,962.43304,167.2418309,1.747126437,0,0,2.909090909,0
149,322,100,1975,esc,1173,1083,14,0,0,0,0,0,0,12.7039866,31.50812551,0,0,3.199002908,361.1226694,594.6234457,5.948717949,0,158.3430225,5.55102943,0
150,322,100,1977,esc,692,3086,14,0,0,0,0,0,0,3.525052108,20.01286436,0,0,0.401459854,368.7679359,279.6837511,0,0,13.8242405,5.784696195,0
151,322,100,1978,esc,892,1923,20,0,0,0,0,0,0,38.34631768,36.95858395,0.1875,0,11.49845109,271.9768344,496.1432872,0,0,18.6025478,18.28647787,0
152,322,100,1979,esc,924,1936,23,0,0,0,0,0,0,28.73289628,32.38064292,0,0,4.260298593,658.7440283,186.9522397,0,0,8.126796236,4.698620341,0.104477612
153,322,100,1980,esc,937,1169,13,0,0,0,0,0,1.529462962,103.1280656,23.85800733,0,0,36.16559102,625.4427832,132.9684298,0,0,13.2597728,0.647887324,0
154,322,100,1981,esc,672,1837,17,0,0,0,0,0,0,125.6511121,95.14819309,0,0,1.667333146,346.2960606,102.0420739,0,0,0.658385093,0.536842105,0
155,322,100,1982,esc,1033,1563,14,0,0,0,0,0,2.553431615,129.0234183,531.8457273,0,0,6.041134915,168.9378749,193.0899111,0.594594595,0,0,0.913907285,0
156,322,100,1983,esc,776,1418,14,0,0,0,0,0,3.75,59.38050069,23.41270524,1.182795699,0,1.264365079,626.7321216,54.86333888,0,0,5.414172784,0,0
157,322,100,1984,esc,1165,3151,22,0,0,0.31147541,0,0,0,219.4567088,32.36081106,0.1875,0,20.11953426,546.4841242,341.6361224,0,0,3.653863912,0.789860043,0
158,322,100,1985,esc,1090,2962,19,0,0,0,0,0,1.356551785,106.6563726,234.4586909,0,0,33.04383487,621.1441873,92.33415766,0,0.281045752,0,0.725159169,0
159,322,100,1986,esc,1149,2897,19,0,0,0,0,0,2.050925945,285.9778783,57.74009965,0.162650602,0,10.37553763,594.6449874,197.0945497,0.65,0,0.303370787,0,0
160,322,100,1987,esc,1273,3411,25,0,0,0,0,0,0,314.9213546,346.9057315,0.196428571,0,6.142976282,357.9399572,246.1270418,0,0,0.766510131,0,0
161,322,100,1988,esc,1588,3334,20,0,0,0,0,0,0.358490566,98.2930511,425.7804644,0.896969697,0,67.02903386,764.7725342,225.8039086,0,0,3.711231884,1.354315722,0
162,322,100,1989,esc,1611,2744,21,0,0,0,0,0,1.141423671,65.80705037,95.82699879,0.331460674,0,28.525456,861.8850301,554.7762395,0,1.511948052,0.968586387,0.225806452,0
163,322,100,1990,esc,2187,3581,23,0,0.45508982,0.327777778,0,0,0,541.2038103,117.5819827,0.082872928,0,8.796771285,896.7185726,575.3830631,0.746256781,0,45.37602495,0.327777778,0
164,322,100,1991,esc,2776,3792,23,0,0,0.587878788,0,0,1.089117877,228.5949378,865.4248658,0.480446927,0,61.1168323,1334.43074,274.9111526,1.412501778,0,1.39707306,6.554452883,0
165,322,100,1992,esc,1930,3201,22,0,0,0.371794872,0,0,0,44.68784361,326.5412412,1.675524944,0,41.02853716,1159.984764,338.2715865,0,2.885804317,14.11465593,0.438247012,0
166,322,100,1993,esc,1496,3096,21,0,0,0,0,0,0,12.23711561,69.54500626,10.59383727,0,31.56835173,617.0018161,740.5305949,2.860608578,0,9.401188385,2.261481223,0
167,322,100,1994,esc,1892,3873,27,0.860465116,0.823255814,0,0,0,1.303776683,105.8072884,15.72825742,0.860465116,0,64.95611907,1172.472367,471.1439352,5.232717556,1.916798277,47.72289681,3.171657032,0
168,322,100,1995,esc,1266,3996,43,0,0,0,0,0,0.059210526,122.3715118,40.44732975,0.059210526,0,17.4121249,833.4685983,227.7397937,0.123529412,2.727574788,18.0647453,3.526371064,0
169,322,100,1996,esc,1032,1252,13,0,0,0.5,0,0,0,23.97562622,210.2672173,0.666666667,0,31.25565647,273.408624,489.062782,0,0,0.804216867,2.059210526,0
170,322,100,1997,esc,1049,1545,13,0,0,0,0,0,6.750263946,19.66375806,45.98355222,0.858695652,0,26.69683836,706.145659,237.5992582,1.123412521,2.094627101,0.858695652,1.225239346,0
171,322,100,1998,esc,1106,1447,14,0,0,0,0,0,3.25712578,84.57131333,56.39436101,0,0,61.74206078,254.6320062,634.2154845,0,0,9.60601581,1.581632653,0
172,322,100,1999,esc,1727,1477,12,0,0,0,0,0,0.308056872,455.570418,102.6604286,0,0,2.414247756,1033.37947,125.8382224,2.108695652,0,0,4.720460955,0
173,322,100,2000,esc,1003.362,1413,11,0,0,0,0,0,0,64.18094579,304.8243879,0,0,3.239271064,257.9523162,367.3459943,0,0,5.18516638,0.633918367,0
174,322,100,2001,esc,952.074,1242,12,0,0,0,0,0,0,6.415825121,361.8224998,4.079736163,0,17.24912493,129.8123413,420.6919409,4.301784611,2.307293283,3.326115867,2.067337979,0
175,322,100,2002,esc,1036.07,1290,13,0,0,0,0,0,0,4.80437047,41.13815085,7.677120466,0,10.90237854,571.5814768,377.0547418,6.500375725,8.530171288,3.525211589,4.356002551,0
176,322,100,2003,esc,1113.26,1361,12,0,0,0,0,0,0.456118497,88.26994625,26.12758158,0,0,149.0891323,173.4395272,599.6746,0.221618497,0.083010753,72.90382677,2.994638158,0
177,322,100,2004,esc,1258.698,1313,9,0,0,0,0,0,0,171.1845742,31.87413803,0,0,21.9759868,986.8544691,42.73100871,0,0,0.787970803,3.289852349,0
178,322,100,2005,esc,1621.584,1615,10,0,0,0,0,0,26.07074258,62.38798249,432.3066275,0,0,44.83759192,598.6830502,455.0915467,0,0,2.206458606,0,0
179,322,100,2006,esc,1445.25,1417,10,0,0,0.066059406,0,0,16.88888128,424.0674025,96.76399111,4.295652552,0,41.23459435,327.8394033,527.400217,0,0,4.015397255,2.678401214,0
180,322,100,2007,esc,1393.5,1392,10,0,0,0,0,0,20.99626819,542.6175261,295.0529102,0,0,35.40890867,215.7081969,276.8012503,6.914939592,0,0,0,0
181,322,100,2008,esc,1256,1468,15,0,0,0,0,0,3.944171358,541.9241312,311.9182935,0,0,36.05704514,292.6959703,69.46038847,0,0,0,0,0
182,322,100,2009,esc,1121.994,1360,16,0,0,0,0,0,7.273813822,61.52066643,164.9297823,0.543591549,0,34.08895103,760.6315849,90.8929463,0,2.112663648,0,0,0
183,324,0,1958,catch,873,481,8,0,0,0,0,0,0,61.91429185,53.70367855,0.311827957,0,0.623655914,281.3375964,467.8176798,0,0,7.29126955,0,0
184,324,0,1959,catch,1556,206,6,0,0,0,0,0,0,42.41932624,54.92088107,0,0,0,1330.763271,127.8965221,0,0,0,0,0
185,324,0,1962,catch,2266,301,4,0,0,0,0,0,0,79.7027027,183.9845056,26.56756757,0,0,1110.365669,865.3795552,0,0,0,0,0
186,324,0,1963,catch,958,256,3,0,0,0,0,0,0,433.6747895,47.38266135,0,0,0,273.7885098,201.820706,0,0,0,1.333333333,0
187,324,0,1964,catch,1654,2817,5,0,1.07027027,0,0,0,0,920.3703355,231.0290528,0,0,0.44634378,407.2058993,90.61275753,0,0,1.033621886,2.231718898,0
188,324,0,1965,catch,19102,6141,21,0,0,0,0,0,0,359.0832382,593.5746362,0,0,1.364605544,17829.47555,318.5019703,0,0,0,0,0
189,324,0,1966,catch,5361,2653,14,0,0,0,0,0,0,108.0606045,458.5078704,3.716129032,0,0,946.9055766,3840.965987,0,0,1.258382643,1.585450312,0
190,324,0,1967,catch,2336,3198,11,0,0,0.626712329,0,0,0,66.46389048,170.9501207,4.803946171,0,0,1582.113972,500.6344982,0,0,3.417628802,6.989231486,0
191,324,0,1968,catch,1216,2697,14,0,0,0,0,0,0.068965517,347.6358796,207.3467835,0.166666667,0,5.218418703,407.8613356,241.0101537,0,0,2.842327851,3.849468824,0
192,324,0,1969,catch,4594,2303,14,0,2.397727273,0,0,0,0,2853.15976,217.1349193,0,0,57.3240779,1100.416054,357.339904,0,0,6.227557174,0,0
193,324,0,1970,catch,17645,2901,19,0,0,0,0,0,0,700.570736,535.8184239,0,0,0,16066.88459,310.2640669,0,0,20.38811373,11.07407407,0
194,324,0,1971,catch,5855,2760,16,0,3.305660377,17.42830607,0,0,0,545.9924254,1990.612209,3.896907216,0,5.391583798,2437.968762,845.3398978,0,0,3.150579151,1.913669065,0
195,324,0,1972,catch,987,934,4,0,0,0,0.746268657,0,0,69.24763534,232.9001609,0,0,0,310.9374098,372.2339799,0,0,0,0.934545455,0
196,324,0,1973,catch,163,1191,8,0,0,0.192307692,0,0,0.043859649,21.29261632,38.84182636,0,0,0,29.01787404,73.5676563,0,0,0,0.043859649,0
197,324,0,1974,catch,532,563,4,0,0,0,0,0,0,28.96169457,72.07074419,0,0,0.919075145,357.2375356,71.35223487,0,0,1.458715596,0,0
198,324,0,1975,catch,2181,1343,8,0,0,0,0,0,2.037677082,140.8094275,76.91648644,0,0,0,1647.783268,303.5872336,0,0,7.142422076,2.723484848,0
199,324,0,1976,catch,2370,1155,14,0,0,0,0,0,0,235.7588325,501.4187345,0,0,21.9122807,1298.17861,280.2756177,0,0,28.87259101,3.583333333,0
200,324,0,1977,catch,2159,23,1,0,0,0,0,0,0,281.6086957,281.6086957,0,0,0,375.4782609,1220.304348,0,0,0,0,0
201,324,0,1978,catch,5120,2496,16,0,0,1.467625899,3.948717949,0,0,3246.10014,939.3186629,16.22178492,0,7.900674332,376.7080385,505.7716424,9.097364527,0,6.429172464,7.036175711,0
202,324,0,1979,catch,14990,2912,25,0,0,0,0,0,0,3229.435464,1280.240756,0.527272727,0,40.26604595,9740.723872,662.1342599,0,0,36.67232986,0,0
203,324,0,1980,catch,13995,3826,25,0,4.928571429,3.247191011,0,0,0,2602.65049,1351.303605,3.885057471,0,0,9495.256549,533.2854728,0,0,0.443062731,0,0
204,324,0,1981,catch,10993,2580,22,0,0,8.426900585,0,0,0,1926.114447,3532.810097,0,0,0,3977.528103,1539.693552,0,0,0,8.426900585,0
205,324,0,1982,catch,4945,3360,18,0,0,0,0,0,0,1347.187591,2305.124488,10.15829357,0,0,120.4064235,1160.074574,2.048629931,0,0,0,0
206,324,0,1983,catch,21544,2380,20,0,0,0.982758621,0,0,0,16699.1418,2372.826322,30.88719943,0,17.29906542,1995.687143,405.5454379,21.63027136,0,0,0,0
207,324,0,1984,catch,14533,2478,17,0,0,3.982035928,0,0,0,1206.573977,2451.512019,13.82203593,0,0,9868.466972,962.5500183,0,0,23.36197802,2.730964467,0
208,324,0,1985,catch,8119,8505,13,0,0,0.610194903,0,0,0.454320988,784.161457,1804.593831,4.397045927,0,0.717884131,3781.302209,1742.308736,0,0,0.454320988,0,0
209,324,0,1986,catch,2892,10810,11,0,0,2.224383048,0,0,0.464788732,256.6217876,1554.293656,4.051972742,0,0,528.5156784,545.6483833,0.179349768,0,0,0,0
210,324,0,1987,catch,4933,4700,9,0,0.251937984,5.978698724,0,0,0,2975.486782,1101.413765,5.927970848,0,0,267.6630029,576.0513935,0.226449275,0,0,0,0
211,324,0,1988,catch,3491,6380,12,0,0,2.72507336,0,0,1.167910448,1117.93392,1530.969671,11.21303862,0,3.772614306,560.1736469,263.0441251,0,0,0,0,0
212,324,0,1989,catch,13879,9757,23,0,0.598630137,22.38531357,1.177981651,0,1.563280569,1240.220781,2108.924045,3.278578783,0,4.344927706,9726.920235,765.0190612,4.567164868,0,0,0,0
213,324,0,1990,catch,17087,11719,17,0,17.08047347,20.74462677,0,0,0.6687079,1998.75128,4267.505568,29.62050631,0,1.434447301,7078.96987,3652.83451,1.434447301,0,15.56057671,2.394985417,0
214,324,0,1991,catch,10558,7296,17,0,1.392927308,28.30902152,1.392927308,0,0,1543.80921,5393.002742,16.84996133,0,0,1537.69682,2028.165825,3.411813501,0,0,3.968751632,0
215,324,0,1992,catch,9287,12797,22,0,1.878205128,6.595061955,0.964274267,0,0,1021.899351,2609.425116,318.0234154,0,4.748855324,2150.976788,3140.498679,23.20919015,0,1.262149246,7.518915372,0
216,324,0,1993,catch,8533,6076,18,0,0,5.132031678,0,0,3.860377358,1372.086814,1839.083856,55.93932742,0,1.421764509,2591.623937,2629.690105,23.5002836,0,4.823406879,5.838096178,0
217,324,0,1994,catch,16243,7279,17,0,0,7.562285595,2.507434944,0,4.97962963,1011.523774,2210.432922,30.08606341,0,6.2837465,12146.30775,796.5425816,9.274125005,0,15.09118273,2.408502773,0
218,324,0,1995,catch,20392,9568,23,0,0,0,0.193277311,0,0,2223.833583,1961.518981,9.356860034,0,0,13564.27212,2617.183446,0,0,10.55770589,5.084027941,0
219,324,0,1996,catch,8015,6608,22,0,0,32.13688755,0,0,0,458.8323757,5298.782296,7.15145155,0,0,518.7367635,1696.584784,1.094170404,0,0.776923077,0.904347826,0
220,324,0,1997,catch,586,3049,11,0,0,2.197937934,0.222972973,0,0.410513644,145.6005316,184.3036082,9.938158524,0,0,116.6002247,124.4550433,1.434990122,0,0.4,0.436018957,0
221,324,0,1998,catch,2546,3781,12,0,0,0.730659026,0,0,0,591.6264865,1277.657384,1.636947558,0,1.500740034,449.2546279,222.0385332,0,0,1.554621849,0,0
222,324,0,1999,catch,8901,3225,10,0,0,0,0,0,0,4936.026014,1188.133581,12.86010873,0,0,1987.353676,769.1493473,7.477272727,0,0,0,0
223,324,0,2000,catch,4479.351,5464,17,0,0,0,0,0,0,382.7557713,3182.601433,6.26383506,0,0,381.9101531,521.1592266,0,0,4.660581385,0,0
224,324,0,2001,catch,5227.727774,6821,18,0,0,0,0,0,1.009375,62.86727184,4778.880304,43.24704433,0,0.158092664,57.46478659,280.6012851,3.499614461,0,0,0,0
225,324,0,2002,catch,1405,4400,11,0,0,0,0,0,0,254.4324015,445.8037668,46.63628154,0,0,465.1401904,190.7732557,0.962978992,0,0.960344986,0.290780142,0
226,324,0,2003,catch,3345,7313,22,0,0,0,0,0,0.275555556,496.7485611,1371.797325,11.01177021,0,1.402740957,361.0431623,1095.708039,1.760146338,0,5.252699162,0,0
227,324,0,2004,catch,4576.043,5148,17,0,0,0,0,0,0,1147.946035,921.2388356,13.59475742,0,0,2028.861892,455.4304186,8.334291692,0,0.416308682,0,0.220461187
228,324,0,2005,catch,6706.386,4669,19,0,0,0,0,0,3.102251484,451.7919181,4394.974289,3.246553386,0,0.557825528,837.7722618,1014.9409,0,0,0,0,0
229,324,0,2006,catch,7147.433,5244,22,0,0,3.982743419,3.418672038,0,0,2116.475588,3321.510398,67.18853327,0,0,894.5235897,724.8105855,11.2653602,0,3.268954388,0.988575,0
230,324,0,2007,catch,8991.859,4017,15,0,0,0,0,0,0,3836.635175,3736.723802,48.87155376,0,0,238.6407336,1130.816103,0.17163253,0,0,0,0
231,324,0,2008,catch,10364,6208,22,0,0,0,0,0,0,2463.629826,7456.819705,31.91442233,0,0,176.2997587,235.3362878,0,0,0,0,0
232,324,0,2009,catch,8505.507,5779,24,0,0,0,0,0,0.473986111,1661.339901,4126.077082,286.6929083,0,0,1843.675875,575.3932459,11.85400133,0,0,0,0
233,324,100,1962,esc,2567,206,6,0,0,0,0,0,0,115.3846154,190.0066439,0,0,0,1660.844967,600.7637742,0,0,0,0,0
234,324,100,1963,esc,332,508,15,0,0,0,0,0,0,118.7813459,18.94341367,1.184821429,0,0.774193548,74.64858617,117.6676393,0,0,0,0,0
235,324,100,1965,esc,24318,3350,29,0,0,0,0,0,0,95.74606197,136.9126091,0,0,0,24081.34183,2.101123596,0,0,1.898373984,0,0
236,324,100,1966,esc,3748,2861,22,0,0,0,0,0,0,59.66209203,100.9794072,0,0,1.764548967,1175.620566,2402.639421,0,0,7.333965362,0,0
237,324,100,1967,esc,3193,2721,32,0,0,0,0,0,2.981599528,23.96284489,83.85141697,0,0,0.103448276,2721.850261,357.5388912,0,0,2.711538462,0,0
238,324,100,1968,esc,2551,2211,16,0,0,0,0,0,19.45646549,1671.570655,37.20452047,0,0,83.19049192,464.7876677,268.0831489,0,0,6.707050185,0,0
239,324,100,1969,esc,8401,1260,19,0,0,0,0,0,3.112068966,6410.810615,138.1675669,0,0,338.0583932,1388.782871,122.0684846,0,0,0,0,0
240,324,100,1970,esc,13916,2849,32,0,0,0,0,0,0,209.7409559,78.9026553,3.491891892,0,14.47777778,13433.62964,175.7570797,0,0,0,0,0
241,324,100,1971,esc,2370,1909,23,0,0,0,0,0,0,119.2441115,287.9576883,0,0,1.188329883,1579.366377,382.2434934,0,0,0,0,0
242,324,100,1972,esc,927,635,8,0,0,0,0,0,0,161.9479334,134.0016347,0,0,0,450.3849359,180.6654959,0,0,0,0,0
243,324,100,1973,esc,223,1021,19,0,0,0.27027027,0,0,0.383535762,84.12876526,21.03041242,0.043478261,0,4.113754283,53.86202911,58.41486155,0.752893082,0,0,0,0
244,324,100,1974,esc,4430,1298,20,0,0,0,0,0,0,28.7162768,294.4060791,4.202702703,0,26.38659633,3984.109605,92.17873972,0,0,0,0,0
245,324,100,1975,esc,13140,2471,28,0,0,0,0,0,0,205.164643,24.71476671,0,0,44.90847934,12365.19201,487.6072363,0,0,12.41286727,0,0
246,324,100,1976,esc,1329,35,1,0,0,0,0,0,0,873.3428571,189.8571429,0,0,0,265.8,0,0,0,0,0,0
247,324,100,1977,esc,1330,1883,17,0,0,0.980392157,0,0,12.81063598,424.5224211,108.6627794,0,0,2.355872562,706.4526735,72.7670912,0,0,0.980392157,0.467741935,0
248,324,100,1978,esc,4149,2014,20,0,0,0,0,0,5.8625936,3222.937716,416.2314125,4.359550562,0,269.0450833,133.2617061,97.30193761,0,0,0,0,0
249,324,100,1979,esc,11216,2575,23,0,0,0,0,0,4.076110256,2728.506521,752.6982052,0,0,236.3827465,7352.642251,135.5362705,0,0,6.157894737,0,0
250,324,100,1980,esc,22349,2338,21,0,0,13.78873239,0,0,35.41085277,2945.500489,537.4322217,0,0,36.12747253,18399.01179,367.042467,0,0,14.68597905,0,0
251,324,100,1981,esc,1734,1549,18,0,0,1.484848485,0,0,1.027027027,496.1704237,201.2944325,0,0,1.948737091,917.9305062,112.9610129,0,0,1.183012175,0,0
252,324,100,1982,esc,1120,1774,15,0,1.213999236,0,0,0,47.7716402,636.1235865,260.8785185,1.401790559,0,13.51547783,75.23327794,83.86170923,0,0,0,0,0
253,324,100,1983,esc,3566,2728,21,0,0,0,0,0,1.100239234,3114.174586,151.8226078,0,0,53.59720774,228.180538,17.12482113,0,0,0,0,0
254,324,100,1984,esc,10489,2317,19,0,0,0,0,0,0,1480.022271,782.844159,0,0,13.10860518,7799.969737,413.0552276,0,0,0,0,0
255,324,100,1985,esc,7211,2940,19,0,0,4.118343195,0,0,0,385.3739827,632.3220649,0,0,0,4448.521984,1739.049494,0,0,0,1.614130435,0
256,324,100,1986,esc,1172,1488,12,0,0,0,0,0,0.805714286,287.783804,101.0661308,1.854545455,0,0.486988848,580.5441374,199.4586792,0,0,0,0,0
257,324,100,1987,esc,6036,2101,20,0.838709677,0,0,0,0,0,5467.031427,170.7013934,0,0,2.770491803,321.245183,73.41279563,0,0,0,0,0
258,324,100,1988,esc,4061,2381,19,0,3.467896175,0.64516129,0,0,6.573136868,1567.681209,1673.337484,3.036336336,0,41.74817728,696.2543413,68.25625793,0,0,0,0,0
259,324,100,1989,esc,8259,3007,19,0,0.883040936,2.1845682,0,0,0,374.6929306,500.3717888,1.942196532,0,30.83477942,7213.194139,134.8965569,0,0,0,0,0
260,324,100,1990,esc,6962,2912,21,0,11.55701963,6.113092417,0,0,5.539148073,213.656605,218.9611818,0,0,0,6127.061841,375.6581711,3.452941176,0,0,0,0
261,324,100,1991,esc,4224,3549,24,0,5.026306222,24.59939506,0.163934426,0,5.276481826,2519.698787,344.9319423,1.594285714,0,27.67052382,744.8479223,549.3497615,0,0,0.840659341,0,0
262,324,100,1992,esc,4711,3034,21,0,20.10903782,11.73804935,3.691103298,0,2.564652888,1533.717862,743.7621101,6.504518808,0,12.83723846,2030.764297,341.747772,3.202247191,0,0,0.361111111,0
263,324,100,1993,esc,3990,3254,24,0,3.4375,37.22062768,0.666666667,0,2.314618913,904.661703,968.5033403,1.73655914,0,124.3885552,1784.789877,162.2805518,0,0,0,0,0
264,324,100,1994,esc,8309,2805,17,0,0,1.944847286,0.509009009,0,0.926829268,766.696577,268.1965949,0.509009009,0,71.71968024,7007.669023,190.8284308,0,0,0,0,0
265,324,100,1995,esc,10039,3659,25,0,2.091743119,1.426086957,0,0,0,787.3119189,271.6662034,0,0,1.728476821,7998.368725,971.22267,0,0,5.184175824,0,0
266,324,100,1996,esc,1447,1305,15,0,0,1.092647059,0,0,0.175,213.3565271,347.4199155,0,0,1.710714286,362.9063145,520.3388815,0,0,0,0,0
267,324,100,1997,esc,1489,1190,10,0,0,0,0,0,1.652369281,680.9918162,171.5637473,7.196890492,0,0.607843137,491.1805974,135.0036274,0.803108808,0,0,0,0
268,324,100,1998,esc,2264,1294,8,0,0,0,2.18079096,0,15.2993036,1298.525958,412.9159903,0,0,40.88447828,396.0444327,98.14904653,0,0,0,0,0
269,324,100,1999,esc,6179,2380,14,0,0,0,0,0,0,3800.900277,429.0983748,2.207650273,0,0,1767.984604,178.8090939,0,0,0,0,0
270,324,100,2000,esc,1761.294,1272,10,0,0,0,0,0,0,285.1309031,1005.243611,0,0,0,354.1176032,116.8018829,0,0,0,0,0
271,324,100,2001,esc,1037.16,1305,11,0,0,0,0,0,0,103.5323888,863.9344936,3.218983113,0,0,13.72399258,52.75014187,0,0,0,0,0
272,324,100,2002,esc,686.32,1323,14,0,0,0,0,0,0.34666077,303.9245969,98.15909379,5.943441823,0,0.594851889,260.9352665,15.13697066,1.279117647,0,0,0,0
273,324,100,2003,esc,1686.82,754,6,0,0,0,0,0,0,938.8434021,326.0396459,0,0,49.42860499,278.8238939,93.68445319,0,0,0,0,0
274,324,100,2004,esc,5419.776,1471,12,0,0,0,0,0,0,1476.495686,151.3388582,9.927130435,0,0,3749.231214,32.78311159,0,0,0,0,0
275,324,100,2005,esc,2257.464,1407,10,0,0,0,0,0,3.119451394,536.3321712,930.7813375,10.1626127,0,1.320033708,622.1254226,152.3029371,0,0,1.320033708,0,0
276,324,100,2006,esc,3000.78,1514,11,0,8.348515054,0,0,0,3.632722222,1557.914998,888.620427,0,0,2.256167832,376.5258562,163.4813137,0,0,0,0,0
277,324,100,2007,esc,2757.684,1354,10,0,0,0,0,0,0,1957.859121,407.9768938,3.592352197,0,0,64.69449103,323.5611422,0,0,0,0,0
278,324,100,2008,esc,2710,1251,13,0,0,0,0,0,4,2253.427626,434.5482002,0,0,0,14.08695191,3.93722178,0,0,0,0,0
279,324,100,2009,esc,2215.77,1424,15,0,0,0,0,0,2.724861541,456.6948938,733.5084032,2.391615385,0,0,983.9575314,36.4926947,0,0,0,0,0
280,324,500,1963,esc,154,97,3,0,0,0,0,0,0,133.5541502,5.895652174,0,0,0,8.475098814,6.075098814,0,0,0,0,0
281,324,500,1964,esc,6,45,2,0,0,0,0,0,0.102564103,1.128205128,2.051282051,0,0,0,2.666666667,0.051282051,0,0,0,0,0
282,324,500,1965,esc,174,329,8,0,0,0.263157895,0,0,8.835523769,24.20156197,41.50425079,0,0,0,80.69816892,18.12126828,0,0,0.376068376,0,0
283,324,500,1966,esc,169,998,13,0,0,0,0,0,0,54.69706883,93.54313928,0,0,0,3.033960897,17.20583099,0,0,0,0.52,0
284,324,500,1967,esc,195,383,13,0,0,0,0,0,5.442165129,136.4813656,51.77990067,0,0,0.354166667,0.942401961,0,0,0,0,0,0
285,324,500,1968,esc,191,392,15,0,0,0,0,0,6.976737835,62.28278848,87.40704457,0,0,1.536824203,19.19496236,13.08164256,0,0,0.52,0,0
286,324,500,1969,esc,181,360,11,0,0,0,0,0,7.687793055,63.36088912,44.80805592,0,0,0.403225806,64.3368103,0.403225806,0,0,0,0,0
287,324,500,1970,esc,174,648,15,0,0,0,0,0,5.006785164,123.4118857,18.45152968,0,0,0,11.75778005,15.37201943,0,0,0,0,0
288,324,500,1971,esc,187,574,13,0,0.137931034,0.137931034,0,0,5.424088059,94.79143257,73.9671112,0.525,0,1.505042017,4.847574563,5.663889513,0,0,0,0,0
289,324,500,1972,esc,149,240,7,0,0,0,0,0,0,93.21820294,22.6165558,0,0,0,29.43880442,3.726436842,0,0,0,0,0
290,324,500,1973,esc,30,44,3,0,0,0,0,0,0,0.636363636,24.80519481,0,0,0,0.318181818,4.24025974,0,0,0,0,0
291,324,500,1974,esc,212,257,11,0,0,0,0,0,1.14658926,67.0659372,44.91455406,2,0,0,94.5462328,2.326686678,0,0,0,0,0
292,324,500,1975,esc,97,167,4,0,0,0,0,0,1.31372549,24.97000519,50.15671981,0,0,0,7.207790013,13.3517595,0,0,0,0,0
293,324,500,1976,esc,82,73,3,0,0,0,0,0,0,40.02424242,24.78341308,0,0,0,16.8414673,0.350877193,0,0,0,0,0
294,324,500,1999,esc,656.6333521,104,3,0,0,0,0,0,0,468.9223444,130.1048173,0,0,0,0,57.60619041,0,0,0,0,0
295,324,500,2003,esc,2826.68,719,6,0,0,0,0,0,1.461969112,597.6524901,1738.352659,36.99769259,0,0,156.151292,296.063897,0,0,0,0,0
296,324,500,2004,esc,5074.548,1006,11,0,0,0,0,0,33.26657143,4019.936733,629.2489025,0,0,0,374.8306246,17.26516863,0,0,0,0,0
297,324,500,2005,esc,3590.898,912,6,0,0,0,0,0,0,72.16028259,2778.668219,0,0,0,1.716656934,738.352841,0,0,0,0,0
298,324,500,2006,esc,1753.698,1665,13,0,0,3.037588235,0,0,0,1082.917965,598.8985548,10.82127049,0,0,8.463547731,45.95037856,3.608694918,0,0,0,0
299,324,500,2007,esc,2461.752,1313,13,0,0,0,0,0,1.670897959,1643.855909,759.4253357,4.246,0,0,32.52499514,20.02886237,0,0,0,0,0
300,324,500,2008,esc,2160,1348,12,0,0,0,0,0,0,377.0538519,1762.056387,1.652329749,0,0,1.6,17.63743116,0,0,0,0,0
301,324,500,2009,esc,970.818,932,16,0,0,0,0,0,1.287333333,359.6944709,520.1920708,42.61736996,0,0,38.84966107,8.177093924,0,0,0,0,0
302,324,600,1963,esc,903,2384,19,0,0,0,0,0,0,196.9407787,80.15278079,0.377431907,0,6.503073805,296.5833642,321.6040651,0.187725632,0,0.650779819,0,0
303,324,600,1964,esc,1350,1895,19,0,0,0.093220339,0,0,0,760.4584717,144.2664381,0.093220339,0,4.135147621,377.2245175,62.46137876,0,0,1.267605634,0,0
304,324,600,1965,esc,714,2842,22,0,0,0,0,0,0.134920635,69.784244,151.9074282,0,0,3.400190114,345.0070869,142.243636,0,0,0,1.522494143,0
305,324,600,1966,esc,1016,1313,15,0,0,0,0,0,0,58.74659589,344.8975139,0,0,4.98629776,144.4504783,461.7146943,0,0,1.20441989,0,0
306,324,600,1967,esc,751,1259,18,0,0,0,0,0,0.646341463,82.25287723,120.6259539,1.881099455,0,20.20192524,209.1863401,315.4608769,0.744585687,0,0,0,0
307,324,600,1968,esc,1001,2668,12,0,0,0,0,0,10.96298894,223.4487418,200.4727992,1.145819296,0,28.09640116,380.797452,151.0278174,0,0,4.263034006,0.784946237,0
308,324,600,1969,esc,1363,872,12,0,0,0,0,0,11.17025862,350.9409904,115.7295468,0,0,29.36772788,679.5373238,173.0694805,0,0,3.184672021,0,0
309,324,600,1970,esc,732,1443,14,0,0,0,0,0,0,309.9989912,84.15189319,0,0,1.759885643,289.0622782,45.64623774,0,0,1.380714023,0,0
310,324,600,1971,esc,933,1165,17,0,0,0,0,0,2.352770885,99.91053082,639.5672683,0,0,2.066508479,59.67391401,129.4290075,0,0,0,0,0
311,324,600,1972,esc,523,1475,11,0,0,0,0,0,0,58.44312094,182.2815073,1.220470372,0,0,134.4638083,146.5910931,0,0,0,0,0
312,324,600,1973,esc,329,755,14,0,0,0,0,0,0.333333333,24.44375093,100.566599,0,0,2.790726817,39.6636557,160.8720373,0.329896907,0,0,0,0
313,324,600,1974,esc,1240,1556,18,0,0,0,0,0,0.223404255,127.9730509,202.1924185,0.247311828,0,16.70042981,739.1827513,152.6920949,0.439306358,0,0.34923207,0,0
314,324,600,1975,esc,2022,1259,13,0,0,0,0,0,1.546511628,204.445697,160.9016463,0,0,15.97818661,996.0746822,641.5067647,0,0,1.546511628,0,0
315,324,600,1976,esc,1305,1233,14,0,0,0,0,0,0,143.0501818,237.3368563,0,0,3.821637427,759.545974,151.8639533,0,0,7.455471261,1.925925926,0
316,324,600,1977,esc,1084.392,2161,15,0,0,0.776095588,0,0,1.391977724,283.0438791,130.454852,1.332454545,0,0.229891117,160.2814823,504.4926128,0,0,1.320439082,1.068315698,0
317,324,600,1978,esc,811.74,1580,16,0,0,0,0,0,0.796277228,113.2134034,219.5573932,0.479325843,0,1.395233,257.0179263,211.8474604,2.845113068,0,1.674260299,2.913607178,0
318,324,600,1979,esc,923.79,1251,18,0,0,0,0,0,2.942145946,174.3300002,102.50939,0,0,8.113200548,414.1057515,219.1633929,1.5312,0,0,1.094918919,0
319,324,600,1980,esc,2645,1542,19,0,0,0,0,0,3.835412448,546.7069895,784.2864125,0,0,3.832272596,854.0028711,447.7916367,0,0,4.544405043,0,0
320,324,600,1981,esc,1762,1433,10,0,0,0.99047619,0,0,0.357723577,131.9289311,978.118962,0,0,0,316.9185719,332.5090762,0,0,1.176258993,0,0
321,324,600,1982,esc,1154,1377,13,0,0,0,0,0,8.016949088,131.9643352,586.9532786,7.48214879,0,8.71510116,46.36694514,363.0693846,1.431857378,0,0,0,0
322,324,600,1983,esc,887,1704,17,0,0,0,0,0,0.666853303,387.4499863,234.4476713,19.86862823,0,4.901735344,175.9009436,60.16673035,2.797451566,0,0,0.8,0
323,324,600,1984,esc,1234,2887,18,0,0,0,0,0,4.513561654,420.1904236,324.0320365,0.401706405,0,15.89921697,286.3965424,181.4911665,0.358695652,0,0.358695652,0.357954545,0
324,324,600,1985,esc,1849,2592,26,0,0,0,0,0,4.341998023,357.7962906,650.6195616,3.223685738,0,5.006780008,636.0348422,188.557661,0,0,3.419180838,0,0
325,324,600,1986,esc,1978,2622,17,0,0,0,0,0,0,89.42438715,1107.326853,7.135689616,0,0,346.4510544,426.4521704,0,0,0,1.209844982,0
326,324,600,1987,esc,1031,1590,12,0,0,0,0,0,0.2,91.08129658,398.5193187,7.108974476,0,6.680232901,116.3334316,410.4346405,0.642105263,0,0,0,0
327,324,600,1988,esc,1038,1966,16,0,0,0,0,0,1.794460206,281.8316233,274.5080146,12.83682548,0,26.58830775,194.4500575,243.4574426,2.533268534,0,0,0,0
328,324,600,1989,esc,1123,1732,12,0,0,0.437692726,0,0,5.81748735,249.7925265,240.301622,1.331096197,0,24.1815729,488.4915882,111.0421746,1.604239567,0,0,0,0
329,324,600,1990,esc,2086,3523,30,0,0.898569631,1.185235507,0.90625,0,0,580.1675251,647.2818555,1.418535127,0,1.905620853,551.2357611,301.0006472,0,0,0,0,0
330,324,600,1991,esc,3472,3053,23,0,0,5.668351495,0,0,0,180.223498,2250.453702,25.05077015,0,2.214527493,532.5424755,475.3196486,0.527027027,0,0,0,0
331,324,600,1992,esc,1578,1692,15,0,0,0,1,0,0.80620155,141.9270138,355.5583803,96.59002419,0,20.79220348,239.3363597,709.8370141,9.708047225,0,0,2.444755767,0
332,324,600,1993,esc,1512,2482,16,0,0,0,0,0,0,93.97732527,304.700206,37.69749361,0.648226285,3.778568922,202.9771816,855.7063296,12.51466866,0,0,0,0
333,324,600,1994,esc,957,1482,13,0,0.746987952,0,0,0,8.084832926,204.059939,140.8304937,3.343300298,0,39.10774015,420.4998347,138.158719,2.168152294,0,0,0,0
334,324,600,1995,esc,1111,1295,9,0,0,0,0,0,0,155.3202331,266.6464552,0,0,2.051282051,527.7549003,157.4337022,0.896713615,0,0.896713615,0,0
335,324,600,1996,esc,1077,1290,12,0,0,1.252941176,0,0,0.101449275,40.70611751,790.6530923,1.195297852,0,0.423671498,39.83288855,202.8345418,0,0,0,0,0
336,324,600,1997,esc,951,1013,8,0,0,0,0,0,3.613636364,183.1017621,357.6891708,31.03332958,0,10.55634404,153.3451252,201.1477645,9.331049341,1.181818182,0,0,0
337,324,600,1998,esc,1190,1433,11,0,0,0,0,0,7.817765729,301.7097248,479.7452062,6.361717937,0,15.13254666,240.1092217,136.0822145,0.863636364,0,2.177966102,0,0
338,324,600,1999,esc,1623,1890,13,0,0,0,0,0,1.142076503,924.8559652,217.7220382,7.387406447,0,0.411764706,264.3487765,207.1319724,0,0,0,0,0
339,324,600,2000,esc,1373.964,1428,14,0,0,0,0,0,0,131.0821839,1100.997418,0,0,0,35.56980676,106.3145913,0,0,0,0,0
340,324,600,2001,esc,1816.968,1378,11,0,0,0,0,0,0,39.33902983,1683.97212,24.1444367,0,6.41804548,13.65327093,48.90051149,0.540585366,0,0,0,0
341,324,600,2002,esc,1218.87,1460,12,0,0,0,0,0,0,316.4035398,382.7816156,55.08450988,0,1.43694442,294.1732307,166.7729492,2.217210296,0,0,0,0
342,324,600,2003,esc,1826.78,1403,12,0,0,0,0,0,2.666170213,342.2472544,747.2416324,5.488494751,0,6.557235348,221.7210082,499.7939009,1.064303797,0,0,0,0
343,324,600,2004,esc,1910.556,1412,13,0,0,0,0,0,0,642.9349893,644.4180381,8.732188424,0,0,312.9453395,301.5254447,0,0,0,0,0
344,324,600,2005,esc,2656.38,1611,11,0,0,0,0,0,44.55801798,170.5238922,2159.74132,6.473326066,0,9.471247157,69.48793778,196.1242587,0,0,0,0,0
345,324,600,2006,esc,1931.604,1545,12,0,0,0,0,0,8.585977112,785.4805313,825.1725641,23.81613906,0,1.759413483,154.6099824,132.1793926,0,0,0,0,0
346,324,600,2007,esc,2855.952,1486,11,0,0,0,0,0,0,1627.325305,949.5203334,13.14144816,0,0,92.56151456,173.4033989,0,0,0,0,0
347,324,600,2008,esc,2359,1398,11,0,0,0,0,0,32.67229589,298.6243041,1869.566187,22.17608478,1.722222222,2.958698074,84.40853856,46.87166919,0,0,0,0,0
348,324,600,2009,esc,1110.06,1389,14,0,0,0,0,0,45.49656626,376.1207407,255.0075793,35.64416131,0,9.542440568,284.1753241,100.3627664,3.155335714,0,0.555085714,0,0
349,325,0,1962,catch,937,31,1,0,0,0,0,0,0,513.8387097,241.8064516,0,0,0,181.3548387,0,0,0,0,0,0
350,325,0,1963,catch,843,1514,22,0,0,15.40816144,0,0,1.71875,372.4204441,342.1198337,0,0,0.126305793,94.2722618,16.93424318,0,0,0,0,0
351,325,0,1964,catch,1421,4832,21,0,3.089142083,32.04136876,0.234756098,0,0,743.0276415,343.0386054,0,0,0,251.1509966,48.41748961,0,0,0,0,0
352,325,0,1965,catch,786,3938,17,0,0,27.92502232,0,0,0,77.76207567,569.4545077,0,0,0,75.5876084,35.27078591,0,0,0,0,0
353,325,0,1966,catch,1166,3101,20,0,0,7.941193664,0,0,0,243.5605817,750.4389948,1.292291088,0,0,36.64611654,123.6351079,0,0,2.485714286,0,0
354,325,0,1967,catch,622,3700,19,0,4.322981366,18.70786337,4.382152964,0,0,236.2216012,274.6519685,0.237035175,0,0,63.3087761,20.1676214,0,0,0,0,0
355,325,0,1968,catch,737,3305,15,0,1.062318947,6.605432851,0.446835822,0,0,154.4496122,498.7553535,0.327384115,0,0,45.78925185,29.56381078,0,0,0,0,0
356,325,0,1969,catch,771,2759,21,0,0.832153892,11.06356012,0,0,1.150367711,340.5295854,242.9213906,0,0,0.139240506,159.7898696,14.3381634,0,0,0,0.23566879,0
357,325,0,1970,catch,1274,3773,24,0,0,39.02652101,0,0,0,229.9996775,816.6259418,0,0,0.212121212,130.7991256,57.33661279,0,0,0,0,0
358,325,0,1971,catch,1244,4228,17,0,0,15.72367389,0.81829257,0,0,176.5127287,922.2194205,3.980926342,0,0.604240283,6.614508039,117.5262097,0,0,0,0,0
359,325,0,1972,catch,375,1800,7,0,0,4.149551443,0,0,0,132.3607349,166.5592667,3.525384154,0,0,34.60066355,33.80439921,0,0,0,0,0
360,325,0,1973,catch,263,1535,4,0,0,12.11956116,0.742516398,0.027131783,0,5.600588469,204.8670294,0.679638009,0.220588235,0,0.119230769,38.4773532,0.146362552,0,0,0,0
361,325,0,1974,catch,441,1838,8,0,0.685000279,0.465116279,0,0,0,246.073852,81.43948522,1.123874177,0,0,106.1950556,5.017616399,0,0,0,0,0
362,325,0,1975,catch,646,3020,15,0,0.840159611,7.591514485,0,0,0,87.53630382,305.6425236,3.869895643,0,0,144.5181653,96.00143764,0,0,0,0,0
363,325,0,1976,catch,1224,4770,14,0,0.403940887,29.07648464,0,0,0,280.8335916,686.1568595,0.480099827,0,0,113.2101372,113.8388864,0,0,0,0,0
364,325,0,1977,catch,619,3489,15,0,0.4015625,10.02767403,0.4015625,0,0,53.54917178,438.5581827,1.175462047,0,0,26.34351463,88.54286979,0,0,0,0,0
365,325,0,1978,catch,3074,5534,17,0,5.583614859,4.775119089,1.427436282,0.122123894,5.450521198,1616.322255,1312.740066,26.87198872,0,0.336363636,45.15037273,55.2201392,0,0,0,0,0
366,325,0,1979,catch,3326,3871,21,0,2.833152958,8.60026827,0,0,0,1443.631598,1355.922349,5.382518168,0,0,466.4592794,42.88674263,0,0,0.284090909,0,0
367,325,0,1980,catch,4498,2466,14,0,0,15.93347474,0,0,3.141341401,1205.159112,2897.352298,8.896375394,0,0.86,280.2761097,86.38128884,0,0,0,0,0
368,325,0,1981,catch,7474,3237,21,0,0,11.84611879,0,0,0,985.5993969,4777.399258,78.46183858,0,4.391304348,600.7949236,1015.507159,0,0,0,0,0
369,325,0,1982,catch,5916,2604,22,0,2.604519774,325.5307516,41.13947763,2.388888889,4.111111111,887.2030564,3986.130055,50.59858309,0,0,26.27157248,590.0219839,0,0,0,0,0
370,325,0,1983,catch,5120,3376,20,0,3.052196382,294.8083712,97.54615624,0,0,2453.355744,1552.460205,152.6775339,0,0,524.17402,34.2247099,3.895238095,0,3.805825243,0,0
371,325,0,1984,catch,1992,3490,14,0,0.331325301,253.0000297,10.30025519,0,0,177.0170606,1443.956664,12.7292085,0,0,12.14333399,82.52212271,0,0,0,0,0
372,325,0,1985,catch,1304,3356,15,0,4.395530551,33.9390207,14.39089847,0,0,395.1181427,712.5185529,11.70184656,0,0,104.8859809,27.05002716,0,0,0,0,0
373,325,0,1986,catch,2714,2246,7,0.419243986,20.24210991,239.7011075,13.05764743,0,0,347.7944586,1894.16142,5.26339544,0,0,28.91686205,164.4437551,0,0,0,0,0
374,325,0,1987,catch,3057,3223,13,0,3.276819815,353.4816233,32.17777321,0,0,832.8558789,1595.460801,54.33146295,0,0,46.825691,138.58995,0,0,0,0,0
375,325,0,1988,catch,1708,4098,13,0,17.83661571,122.5232264,75.7183626,0,0,296.5720832,1123.327713,42.46338322,0,0,14.23118537,15.32743063,0,0,0,0,0
376,325,0,1989,catch,2809,3686,14,0,40.82207813,278.9131935,21.30858952,0,0,952.1036751,1322.005646,8.054919951,0,0,100.9320614,84.85983597,0,0,0,0,0
377,325,0,1990,catch,3569,3836,11,0,75.9541188,589.7764805,27.26813905,0,0,831.0115304,1896.391067,12.97085846,0,0,85.32527507,50.30253027,0,0,0,0,0
378,325,0,1991,catch,5289,3361,15,0,70.09444065,856.6322343,56.46778805,0,0,1246.295732,2922.567787,10.48937545,0,0,77.18015725,49.27248552,0,0,0,0,0
379,325,0,1992,catch,2868,4124,16,0,19.09848989,353.2175996,167.335523,0,0,925.2050132,1073.679351,120.9953033,0,0,102.0222382,104.8456726,1.600809526,0,0,0,0
380,325,0,1993,catch,5304,4071,19,0,17.79497944,398.9590661,90.07089235,0,0,1938.014028,2579.842969,54.77629041,0,0,116.3810529,108.1607222,0,0,0,0,0
381,325,0,1994,catch,3430,3073,14,0,0.73640928,525.263736,22.82384386,0,0,409.0663398,2327.601565,39.99416657,0,0,45.76757932,56.60682553,2.139534884,0,0,0,0
382,325,0,1995,catch,4408,3819,17,0,27.73671986,67.42270245,81.39364836,0,0,1932.118098,1906.801611,16.12739044,0,0,316.1058923,60.29393711,0,0,0,0,0
383,325,0,1996,catch,5695,5536,15,0,26.67879773,424.3084945,4.306878558,0,0,1628.452288,3281.123428,8.163113061,0,0,53.82051227,268.1464881,0,0,0,0,0
384,325,0,1997,catch,2606,4299,14,0,0,27.82344152,9.439169053,0,0,902.6162196,1407.328699,117.7017958,1.101503759,0,58.77087241,77.28627856,3.071150837,0,0,0.860869565,0
385,325,0,1998,catch,2941,4700,14,0,2.6714761,27.1431144,5.376860615,0,2.434105146,1678.621374,1056.751385,18.2048983,0,0.66367713,90.42296777,57.56453914,0.172839506,0,0.972762646,0,0
386,325,0,1999,catch,6262,4587,12,0,0,0,0,0,0,3291.110428,2254.151556,58.92954376,0,0,443.7569161,212.2008096,1.850746269,0,0,0,0
387,325,0,2000,catch,6219.382,3872,15,0,0,0,0,0,0,2486.239658,3440.272354,2.906138989,0,0,139.3689058,150.5949426,0,0,0,0,0
388,325,0,2001,catch,4389.95,3936,20,0,0,0,0,0,2.234627528,182.0843831,4058.966752,96.24717394,0,0,2.22886739,48.18819629,0,0,0,0,0
389,325,0,2002,catch,2624,4352,13,0,0,0,0,0,0,1837.680585,589.6500574,53.58953229,0,0.044,122.2774138,20.75841157,0,0,0,0,0
390,325,0,2003,catch,6667,5134,25,0,0,0,0,0,0.111627907,1442.406718,4650.202932,30.31374982,0,0.137670197,218.0166129,325.8106897,0,0,0,0,0
391,325,0,2004,catch,6076.648,6646,22,0,0,0,0,0,0,2121.965517,3228.344444,134.6772648,2.065505882,0,405.5805353,183.6822522,0.293453972,0,0,0.039027132,0
392,325,0,2005,catch,7132.113,3772,22,0,0,0,0,0,19.81449542,1433.162763,5032.739019,47.16313113,0,0,166.6367741,431.8865037,0.710314286,0,0,0,0
393,325,0,2006,catch,10848.088,6221,26,0,0.940742092,65.95071981,5.263665416,0,0.222463303,2800.268373,6673.341997,373.0481153,0,0,335.3465108,591.2248874,0,2.480525896,0,0,0
394,325,0,2007,catch,8398.249,5578,16,0,0,0,0,0,1.346685345,4582.306339,3231.428047,220.6841666,1.070656934,0,261.3057288,99.48771956,0.564057268,0,0,0,0.055599462
395,325,0,2008,catch,6886,5034,20,0,4.472227547,47.21060617,1.339207048,0,2.068,2858.354049,3830.055979,64.8725535,0,0,29.39479041,48.2325869,0,0,0,0,0
396,325,0,2009,catch,7727.176,4430,21,0,0,0,0,0,2.381670455,2032.279696,5210.49494,215.1317335,0,0,114.3287881,152.5591716,0,0,0,0,0
397,325,100,1963,esc,92,244,9,0,0,0,0,0,0,52.0466629,24.29433312,0,0,0,9.609607304,6.049396682,0,0,0,0,0
398,325,100,1964,esc,128,1746,15,0,0,0.16,0,0,0,30.97692963,55.1104214,0,0,0.100775194,33.47252918,8.179344599,0,0,0,0,0
399,325,100,1965,esc,165,2615,12,0,0,0.041787631,0,0,0,19.21048896,119.9416664,0,0,0,17.01002326,8.7960337,0,0,0,0,0
400,325,100,1966,esc,205,1655,12,0,0,0.559881167,0,0,0,12.94823607,164.7694399,0,0,0,7.434819862,19.28762295,0,0,0,0,0
401,325,100,1967,esc,273,2755,21,0,0.074285714,0.177142857,0,0,0,140.7087071,122.6030037,0.147928994,0,0,3.64909609,5.639835525,0,0,0,0,0
402,325,100,1968,esc,191,1656,20,0,0,0.303772251,0,0,0.247788797,88.61351982,82.31734789,0,0,0.216548798,15.97996732,3.321055127,0,0,0,0,0
403,325,100,1969,esc,512,1454,21,0,0,0,0,0,0,218.8508609,211.7475004,0,0,0,73.12651332,8.275125362,0,0,0,0,0
404,325,100,1970,esc,369,1295,18,0,0.287769784,0,0,0,0,42.55515442,181.7730607,0,0,0,125.3936808,18.99033432,0,0,0,0,0
405,325,100,1971,esc,206,985,14,0,0.340909091,0.254567694,0,0,0,32.06507718,137.82338,0,0,0,4.022803522,31.49326249,0,0,0,0,0
406,325,100,1972,esc,54,600,12,0,0,0,0,0,0,22.20981257,23.33058733,0,0,0,5.068737201,3.390862902,0,0,0,0,0
407,325,100,1973,esc,58,508,7,0,0,0,0,0,0,0.436788049,52.42277628,0,0,0,0.34789916,4.792536513,0,0,0,0,0
408,325,100,1974,esc,351,1449,14,0,0,0.278688525,0,0,0,30.62763667,91.81375349,0.778852705,0,0.280487805,221.5968026,5.623778183,0,0,0,0,0
409,325,100,1975,esc,240,836,12,0,0,0.620689655,0,0,0,45.15053197,101.4614615,1.09745532,0,0,33.26375138,58.40611018,0,0,0,0,0
410,325,100,1976,esc,186,944,16,0,0,0.585629188,0,0,0,63.09715555,71.89747223,0,0,0,26.13196299,24.28778004,0,0,0,0,0
411,325,100,1977,esc,92,890,15,0,0,0,0,0,0,11.59688472,61.78314887,0,0,0,3.273925779,15.34604063,0,0,0,0,0
412,325,100,1978,esc,536,1249,19,0,0,0.782267163,0.425287356,0,0,275.4419097,241.8726626,2.071228721,0,1.270525452,8.577718619,5.558400395,0,0,0,0,0
413,325,100,1979,esc,860,1297,26,0,0,0,0,0,0,338.8815814,362.9013953,0,0,0,146.3875343,11.82948904,0,0,0,0,0
414,325,100,1980,esc,1988,1155,26,0,0,0,0,0,0,333.547109,1554.872401,1.003246753,0,3.714285714,83.81980952,11.04314803,0,0,0,0,0
415,325,100,1981,esc,590,963,30,0,0,1.565359477,0,0,0,77.52113618,319.1235359,0.542857143,0,0,42.96673976,148.2803715,0,0,0,0,0
416,325,100,1982,esc,408,1129,14,0,0,0,0,0,0,18.0890211,343.2459127,4.870185581,0,0,2.821516673,38.97336399,0,0,0,0,0
417,325,100,1983,esc,180,1589,28,0,0,0,0,0,0,108.0105387,42.49263514,0.564704232,0,0,27.21974329,1.71237868,0,0,0,0,0
418,325,100,1984,esc,185,2065,27,0,0,0,0,0,0,7.760042695,162.5687451,0,0,0,8.43036821,6.240844011,0,0,0,0,0
419,325,100,1985,esc,212,1552,21,0,0,0,0,0,0,93.59991742,104.1714717,0,0,0,11.50301311,2.646650374,0,0,0.078947368,0,0
420,325,100,1986,esc,303,1427,12,0,0,0,0,0,0,28.14948332,255.6279357,0,0,0,0.745405464,18.47717549,0,0,0,0,0
421,325,100,1987,esc,169,1886,25,0,0,0,0,0,0,62.59158871,89.61429158,0.12987013,0,0,3.533194552,13.13105503,0,0,0,0,0
422,325,100,1988,esc,169,1467,23,0,0,0,0,0,0,17.08324513,142.464333,0.405447326,0,0,4.543934752,4.503039794,0,0,0,0,0
423,325,100,1989,esc,462,1934,24,0,0,0.649072285,0,0,0,208.8681035,228.0519948,0.655264798,0,0,16.9537196,6.821844984,0,0,0,0,0
424,325,100,1990,esc,363,1951,22,0,0,2.610904141,0,0,0,74.03027353,265.7711251,2.60730356,0,0,12.2671716,5.713222048,0,0,0,0,0
425,325,100,1991,esc,756,4041,26,0,0,3.177763147,0.457312453,0,0,37.92611985,692.9315216,2.642733696,0,0,3.485847962,14.98680944,0.391891892,0,0,0,0
426,325,100,1992,esc,295,2313,22,0,0.106060606,0,0,0,0,76.69591224,202.8389123,4.273349678,0,0,1.498550802,9.1530874,0.434126984,0,0,0,0
427,325,100,1993,esc,391,2207,21,0,0,1.345540626,0,0,0.151315789,119.903125,258.6831035,3.432341141,0,0,2.703824325,4.780749661,0,0,0,0,0
428,325,100,1994,esc,444,2100,25,0,0,0.179722418,0,0,0,95.64789535,311.7921151,0.166666667,0,0,29.91059722,6.303003207,0,0,0,0,0
429,325,100,1995,esc,470,1886,24,0,0,0,0,0,0,98.39930621,313.9932182,2.128784314,0,0,46.03551956,9.443171761,0,0,0,0,0
430,325,100,1996,esc,397,750,25,0,0,0,0,0,0,15.0669993,343.5646035,0.71875,0,0,0.366666667,37.2829805,0,0,0,0,0
431,325,100,1997,esc,108,708,13,0,0,0,0,0,0,52.95108318,46.62653507,1.181089953,0,0,2.804817519,4.436474276,0,0,0,0,0
432,325,100,1998,esc,211,786,14,0,0,0,0,0,0,82.44715453,117.1064416,0.121212121,0,0,7.302808233,4.022383521,0,0,0,0,0
433,325,100,1999,esc,406,1022,10,0,0,0,0,0,0,177.3664329,203.0124629,0,0,0,23.33805451,2.283049621,0,0,0,0,0
434,325,100,2000,esc,413.316,1062,17,0,0,0,0,0,0,37.23230076,374.053514,0,0,0,0.935456825,1.094728391,0,0,0,0,0
435,325,100,2001,esc,409.596,1040,15,0,0,0,0,0,0,0.416909091,403.2600393,2.267997962,0,0,0.243098039,3.407955593,0,0,0,0,0
436,325,100,2002,esc,108.7,1004,16,0,0,0,0,0,0,72.77670715,26.92823424,1.626106714,0,0,4.546233428,2.822718466,0,0,0,0,0
437,325,100,2003,esc,194.1,1418,24,0,0,0,0,0,0,34.37922214,149.9874874,0.769743263,0,0,0.962336392,7.956781264,0.04442953,0,0,0,0
438,325,100,2004,esc,105.336,337,10,0,0,0,0,0,0,26.10037388,43.41419047,1.098375848,0,0,31.85916809,2.863891715,0,0,0,0,0
439,325,100,2005,esc,355.539,720,25,0,0,0,0,0,0,15.27197914,295.9169534,0,0,0,6.557849252,37.79221823,0,0,0,0,0
440,325,100,2006,esc,304.476,1106,16,0,0,0,0.150391304,0,0,149.8821583,141.5262133,0.183454545,0,0,3.478899497,9.254883086,0,0,0,0,0
441,325,100,2007,esc,414.546,1240,20,0,0,0,0,0,0,320.8387176,74.34376079,1.044164123,0,0,16.74178582,1.577571679,0,0,0,0,0
442,325,100,2008,esc,1050,1057,23,0,0,0,0,0,0,357.7842207,681.8756502,2.84032634,0,0,1.203900709,6.295902015,0,0,0,0,0
443,325,100,2009,esc,504.42,841,18,0,0,0,0,0,0,134.432932,351.8018546,0.229241379,0,0,6.918187249,11.03778481,0,0,0,0,0
444,325,200,1964,esc,0,199,5,0,0,0,0,0,0,0,0,0,0,0,0,0,0,0,0,0,0
445,325,200,1965,esc,0,166,2,0,0,0,0,0,0,0,0,0,0,0,0,0,0,0,0,0,0
446,325,200,1973,esc,0,273,19,0,0,0,0,0,0,0,0,0,0,0,0,0,0,0,0,0,0
447,325,200,1974,esc,0,433,18,0,0,0,0,0,0,0,0,0,0,0,0,0,0,0,0,0,0
448,325,200,1975,esc,0,308,17,0,0,0,0,0,0,0,0,0,0,0,0,0,0,0,0,0,0
449,325,200,1976,esc,0,313,10,0,0,0,0,0,0,0,0,0,0,0,0,0,0,0,0,0,0
450,325,200,1977,esc,0,229,12,0,0,0,0,0,0,0,0,0,0,0,0,0,0,0,0,0,0
451,325,200,1978,esc,0,422,12,0,0,0,0,0,0,0,0,0,0,0,0,0,0,0,0,0,0
452,325,200,1979,esc,0,270,10,0,0,0,0,0,0,0,0,0,0,0,0,0,0,0,0,0,0
453,325,200,1981,esc,0,332,21,0,0,0,0,0,0,0,0,0,0,0,0,0,0,0,0,0,0
454,325,300,1962,esc,407,23,1,0,0,0,0,0,0,336.2173913,70.7826087,0,0,0,0,0,0,0,0,0,0
455,325,300,1963,esc,691,255,9,0,0,0,0,0,4.37037037,406.5504002,170.5051761,0,0,12.22619048,75.60899953,21.73886329,0,0,0,0,0
456,325,300,1964,esc,1068,1464,17,0,0.064777328,0.064777328,0,0,0,794.6054973,127.8424359,0,0,0.064777328,138.7472016,6.610533189,0,0,0,0,0
457,325,300,1965,esc,670,1097,8,0,0.714285714,1.343101528,0,0,1.507462687,157.5429579,440.0444845,0,0,0,47.63802775,21.20967996,0,0,0,0,0
458,325,300,1966,esc,1208,2342,17,0,0,0,0,0,0,606.2504197,555.7412028,2.81529296,0,0.083333333,8.391927628,34.71782358,0,0,0,0,0
459,325,300,1967,esc,506,1432,12,0,0,0,0.197674419,0,0.102439024,304.2505589,139.3727811,0.504424779,0,0.578947368,53.09678096,7.896393494,0,0,0,0,0
460,325,300,1968,esc,649,2441,16,0,1.148149132,1.765911027,0,0,0.501607717,273.3491523,323.7702505,3.412926171,0,0.767202572,29.84245724,13.86700087,0.575342466,0,0,0,0
461,325,300,1969,esc,602,822,8,0,0,0.25,0,0,3.717210373,263.5307004,123.6779581,0,0,0,189.2716525,21.55247862,0,0,0,0,0
462,325,300,1970,esc,1155,1373,12,0,0,0,0,0,1.293103448,634.1680848,429.4170677,0,0,0,64.17583185,25.24288182,0.703030303,0,0,0,0
463,325,300,1971,esc,838,2799,11,0,0,2.374878897,0,0,0.741251006,338.808487,385.0820497,0.167883212,0,0.396624473,33.85209019,76.57673555,0,0,0,0,0
464,325,300,1972,esc,60,1150,5,0,0,0,0.039473684,0,0,41.52305124,12.00728284,0.116040956,0,0,3.933080747,2.381070537,0,0,0,0,0
465,325,300,1973,esc,314,732,7,0,0,1.020580481,0,0,2.629596336,35.3251211,243.4832075,0.315789474,0,0,2.552953813,28.6727513,0,0,0,0,0
466,325,300,1974,esc,1709,1497,13,0,1.603550296,0,0,0,1.603550296,1101.738188,341.3668464,2.699721781,0,4.212972973,241.2050991,14.57007149,0,0,0,0,0
467,325,300,1975,esc,1254,996,9,0,1.288135593,12.91426989,0,0,1.578947368,337.7148073,692.5687427,7.042332492,0,0,136.5570569,64.33570775,0,0,0,0,0
468,325,300,1976,esc,815,1130,12,0,0.457446809,5.13049991,0,0,1.112359551,456.963343,247.2093314,0,0,0,94.31904515,9.807974149,0,0,0,0,0
469,325,300,1977,esc,554,697,11,0,0,0.852516417,0,0,2.150643793,161.0538159,285.9158682,0,0,0,28.87692654,75.15022916,0,0,0,0,0
470,325,300,1978,esc,2251,1155,13,0,0,6.70017142,0,0,26.17571533,1716.395584,458.6028019,8.158992066,0,3.716422287,22.50506388,8.745249375,0,0,0,0,0
471,325,300,1979,esc,1649,898,11,0,0,0,0,0,1.847178955,746.8424728,709.2259097,0,0,0,181.8765958,9.207842752,0,0,0,0,0
472,325,300,1980,esc,2966,1103,17,0,0,0,0,0,15.09926881,1392.25935,1239.22718,0.510204082,0,3.051282051,285.0316736,30.82104156,0,0,0,0,0
473,325,300,1981,esc,1231,1043,18,0,0,0,0,0,0,290.3580837,585.6780418,0.951724138,0,0,140.5582166,213.4539337,0,0,0,0,0
474,325,300,1982,esc,966,1251,18,0,0,0,0,0,11.00178253,383.4241227,495.1829507,2.346464818,0,2.002403413,18.46824065,53.57403518,0,0,0,0,0
475,325,300,1983,esc,1353,1596,19,0,0,0,0,0,0,766.3501601,174.8127008,0,0,0,404.6899607,7.147178465,0,0,0,0,0
476,325,300,1984,esc,1001,2043,18,0,0,0,0,0,0,291.4734664,652.720031,0.188241525,0,0,19.84900505,36.76925602,0,0,0,0,0
477,325,300,1985,esc,936,1524,13,0,0,0,0,0,3.43244427,410.9864937,462.4391293,1.070175439,0,0,47.95374791,10.11800939,0,0,0,0,0
478,325,300,1986,esc,816,1779,13,0,0,0,0,0,1.105166799,263.2988524,476.5267571,0.311688312,0,0,37.30697841,37.45055698,0,0,0,0,0
479,325,300,1987,esc,1319,1566,18,0,0,0.1625,0,0,0.363636364,1004.898987,216.6691977,0,0,0,70.72568118,26.1799981,0,0,0,0,0
480,325,300,1988,esc,867,1512,14,0,5.76744186,0,0,0,1.409609998,307.5598655,531.7129893,4.535611648,0,0,6.63352281,9.380958916,0,0,0,0,0
481,325,300,1989,esc,1166,1736,19,0,1.396140351,6.20671648,0.285714286,0,2.077337447,547.9295078,547.2373578,1.178819444,0,0,16.99256883,42.69583757,0,0,0,0,0
482,325,300,1990,esc,1063,1755,18,0,8.509352131,8.484839814,0.295857988,0,0,495.0850327,530.7423174,9.194640238,0,0,5.697928627,4.990031148,0,0,0,0,0
483,325,300,1991,esc,1154,2235,26,0,1.106859765,10.40749979,0.136363636,0,1.039199614,405.1762444,723.8793479,0.909902392,0,0.137254902,6.387984744,4.819342851,0,0,0,0,0
484,325,300,1992,esc,1278,3004,21,0,1.359099209,3.718248291,3.424061863,0,3.835458903,914.2172747,306.1896108,6.115235154,0,0,21.68162116,17.45938992,0,0,0,0,0
485,325,300,1993,esc,1176,2907,25,0,2.126557922,3.851243317,1.11848074,0,1.363988095,664.1246898,461.2181073,2.355619319,0,0,13.47850482,26.36280869,0,0,0,0,0
486,325,300,1994,esc,1453,2836,20,0,0,4.054283582,0,0,11.49769659,698.2138311,712.2898259,4.915795489,0,1.341864858,6.887087434,13.79961503,0,0,0,0,0
487,325,300,1995,esc,1479,2782,24,0,4.302691197,2.590366542,1.089172685,0,1.248452858,987.3710789,394.2824295,0.574626866,0,0,80.65712962,6.435072222,0.448979592,0,0,0,0
488,325,300,1996,esc,1596,1148,18,0,4.777777778,9.714275424,0,0,0,779.4643626,735.033791,1.277777778,0,0,11.72536288,54.00665259,0,0,0,0,0
489,325,300,1997,esc,1481,1126,17,0,0,0.602150538,0,0,7.580351015,695.0257416,714.3709022,20.66559369,0,0,30.38371904,12.37154196,0,0,0,0,0
490,325,300,1998,esc,1694,1073,17,0,0,0,0,0,4.057906315,1152.226167,486.9559619,0,0,0,47.01459969,3.745365142,0,0,0,0,0
491,325,300,1999,esc,1465,1175,14,0,0,0,0,0,0,1014.379431,409.3098005,0,0,0,36.30699664,5.00377201,0,0,0,0,0
492,325,300,2000,esc,1291.734,960,12,0,0,0,0,0,0,720.3948129,546.2044892,2.014978723,0,0,16.12993597,6.989783267,0,0,0,0,0
493,325,300,2001,esc,1383.996,1293,15,0,0,0,0,0,0.423841595,40.77252738,1330.156856,3.466297361,0,0,0.999506494,8.176970925,0,0,0,0,0
494,325,300,2002,esc,1263.89,1605,22,0,0,0,0,0,0.682241872,985.0021737,203.6277065,9.497339135,0,0.500266667,59.61707321,4.963198925,0,0,0,0,0
495,325,300,2003,esc,1298.88,1790,23,0,0,0,0,0,3.583092558,719.9121408,524.7977297,8.411749466,0,0.348861789,23.30571208,18.52071355,0,0,0,0,0
496,325,300,2004,esc,1537.486,1324,18,0,0,0,0,0,0,1051.063296,376.2157728,1.206100496,0,0,95.32461757,13.67621342,0,0,0,0,0
497,325,300,2005,esc,1398.492,1499,16,0,0,0,0,0,22.34695188,736.7839836,581.3611224,2.602505244,0,0,21.15638427,34.24105255,0,0,0,0,0
498,325,300,2006,esc,3949.566,1790,21,0,0,0,0,0,2.673740756,3064.475871,586.9303156,4.59438806,0,0,262.5983521,28.29333236,0,0,0,0,0
499,325,300,2007,esc,1504.92,1667,23,0,0,0,0,0,8.927876138,1147.345632,298.0830986,1.734500367,0,0,43.56387308,5.265019821,0,0,0,0,0
500,325,300,2008,esc,1712,1299,19,0,0,0,0,0,0,1224.189095,470.4496652,0,0,0,10.92574374,6.435496198,0,0,0,0,0
501,325,300,2009,esc,1230.492,1206,23,0,0,0,0,0,34.71679969,721.5836034,434.0499963,6.104665289,0,0,28.2974845,5.739450846,0,0,0,0,0
502,325,700,1969,esc,38.66,229,6,0,1.126286482,2.518629481,0.473,0,0.191219512,18.77423163,9.998550587,0.079285714,0,0,3.323595688,2.175200909,0,0,0,0,0
503,325,700,1970,esc,202.2,488,7,0,3.056004571,17.71613801,0,0,0.86451421,28.03786684,150.7543001,0,0,0,1.361176219,0.41,0,0,0,0,0
504,325,700,1972,esc,30.98,16,1,0,0,0,0,0,0,15.49,13.55375,0,0,0,1.93625,0,0,0,0,0,0
505,325,700,1973,esc,137.77,403,13,0,1.15,34.6573891,2.963622738,0,0,1.926306596,93.88766771,1.435220061,0,0,0,1.749793801,0,0,0,0,0
506,325,700,1974,esc,82.11,418,7,0,0.384583333,1.099136037,1.813794822,0,1.456666667,41.11471886,21.98462157,0.932310549,0,0.1856,11.66749077,1.471077388,0,0,0,0,0
507,325,700,1976,esc,265.19,634,8,0,1.449573351,19.52715853,0,0,0,22.89534131,193.8781194,1.328134921,0,0,8.372682775,17.73898972,0,0,0,0,0
508,325,700,1980,esc,3316.92,557,28,0,0,38.89232016,10.86,0,0,125.5487694,3021.20167,0,0,0,101.7674489,18.64979167,0,0,0,0,0
509,325,700,1982,esc,443.15,561,10,0,16.0760429,31.55699056,9.467792841,0,0,15.23386785,322.909579,8.15815584,0,0,0,39.74757102,0,0,0,0,0
510,325,700,1983,esc,230.05,265,9,0,3.832644063,61.03729518,3.618581167,0,0,61.25442187,96.83543608,0.984520325,0,0,1.844571607,0.642529706,0,0,0,0,0
511,325,700,1984,esc,473,175,7,0,16.98941799,180.9328449,0,0,0,9.813390313,265.2643468,0,0,0,0,0,0,0,0,0,0
512,325,700,1985,esc,478.5,654,8,0,51.93105981,47.24819934,17.53501509,0,0.983939394,126.4793699,124.6157091,25.91318414,0,0,83.79352325,0,0,0,0,0,0
513,325,700,1986,esc,988.46,1547,20,0,70.84559019,165.7164303,0.442288343,0,0.214824121,65.51949289,635.1181622,2.476350275,0,0,1.47106456,46.65579714,0,0,0,0,0
514,325,700,1988,esc,483,1273,12,0,52.19047788,92.65580838,37.00012828,0,0,25.99591658,241.2333387,27.50397112,0,0,3.04945497,3.070904066,0.3,0,0,0,0
515,325,700,1989,esc,511,980,14,0,43.36819457,229.8284552,9.161848872,0,0,28.25923849,183.4225192,7.131305855,0,0,1.498514557,8.329923274,0,0,0,0,0
516,325,700,1990,esc,680,737,8,0,83.7755337,274.8057217,35.77308101,0,0,44.74022016,227.2604762,12.236,0,0,0.887755102,0.521212121,0,0,0,0,0
517,325,700,1991,esc,488,651,11,0,15.1313702,186.113805,11.10575081,0,0,10.7185747,256.8526937,4.812419222,0,0,0,3.265386369,0,0,0,0,0
518,325,700,1992,esc,687,1522,10,0,49.2339754,138.9927629,63.44978668,0,0,108.3703347,237.5491775,66.7989401,0,0,6.559346237,16.04567648,0,0,0,0,0
519,325,700,1993,esc,709,1935,11,0,38.3355042,113.6016357,33.81173487,0,0,30.7993122,444.3444891,43.56721887,0,0,1.235277617,2.968334506,0.336492891,0,0,0,0
520,325,700,1994,esc,501,1159,13,0,9.117809917,185.2474919,6.155811523,0,0.355848993,24.24804123,242.7654052,29.46135094,0,0,0.615925059,2.416390126,0.615925059,0,0,0,0
521,325,700,1995,esc,275,938,25,0,46.00055638,43.95380485,29.95643767,0,0,53.48655129,88.62259526,6.059802725,0,0.161073826,5.509374667,1.142660472,0,0,0.107142857,0,0
522,325,700,1996,esc,504,2693,51,0,17.16921524,94.01019402,1.406461102,0,0,52.96209864,328.2007619,2.836624266,0,0,0.920967742,6.493677123,0,0,0,0,0
523,325,700,1997,esc,376,1085,42,0,0.868055556,22.95238887,0.347222222,0,0.173611111,24.6823364,265.2514319,50.40345619,0,0,4.483687577,4.367510048,2.470300106,0,0,0,0
524,325,700,1998,esc,459,770,33,0,0.768421053,10.97509914,0,0,0.333333333,32.23197085,382.7256642,29.87188398,0,0,0.346405229,1.747222222,0,0,0,0,0
525,325,700,1999,esc,276,665,34,0,0,0,0,0,0,42.37785715,179.8327618,48.02602579,0,0,3.757575758,2.005779554,0,0,0,0,0
526,325,700,2000,esc,402.698,593,41,0,0,0,0,0,0,124.1568826,260.4760698,5.304979647,0,0,4.190151461,8.569916481,0,0,0,0,0
527,325,700,2001,esc,811.104,898,40,0,0,0,0,0,0,10.61787327,712.7347458,83.63796994,0,0,1.716333333,2.3970777,0,0,0,0,0
528,325,700,2002,esc,315.71,428,40,0,0,0,0,0,0,68.21386161,188.123809,53.11333255,0,0,1.776059908,4.482936892,0,0,0,0,0
529,325,700,2003,esc,578.89,519,31,0,0,0,0,0,0,35.64564677,519.0276941,11.54072868,0,0,2.547861111,10.12806933,0,0,0,0,0
530,325,700,2004,esc,490,701,44,0,0,0,0,0,0,90.53189502,321.3734511,61.34332203,0.836363636,0,4.642245989,11.27272218,0,0,0,0,0
531,325,700,2005,esc,1048,1148,34,0,0,0,0,0,0,111.5070868,894.6089165,32.3948032,0,0,1.761904762,7.727288737,0,0,0,0,0
532,325,700,2006,esc,547.976,1040,30,0,4.802270064,5.084193563,0.863857143,0,0,108.6920709,372.2404433,51.13621951,0,0,2.850498153,2.306447447,0,0,0,0,0
533,325,700,2007,esc,518.041,1061,33,0,0,0,0,0,0,108.994024,347.8315004,47.70969163,0,0,8.207433884,4.342600098,0.95575,0,0,0,0
534,325,700,2008,esc,492,1255,31,0,1.88150247,16.30333699,5.653985507,0,0.333333333,77.04382627,371.8789071,16.21335649,0.347826087,0,0,2.343925773,0,0,0,0,0
535,325,700,2009,esc,484.117,964,34,0,0,0,0,0,0,144.3086414,288.1216391,45.46065528,0,0,2.244335897,3.981728332,0,0,0,0,0
536,325,800,1963,esc,0,231,12,0,0,0,0,0,0,0,0,0,0,0,0,0,0,0,0,0,0
537,325,800,1964,esc,0,534,8,0,0,0,0,0,0,0,0,0,0,0,0,0,0,0,0,0,0
538,325,800,1965,esc,0,1623,11,0,0,0,0,0,0,0,0,0,0,0,0,0,0,0,0,0,0
539,325,800,1966,esc,0,962,9,0,0,0,0,0,0,0,0,0,0,0,0,0,0,0,0,0,0
540,325,800,1967,esc,0,369,11,0,0,0,0,0,0,0,0,0,0,0,0,0,0,0,0,0,0
541,325,800,1968,esc,0,1066,14,0,0,0,0,0,0,0,0,0,0,0,0,0,0,0,0,0,0
542,325,800,1969,esc,0,472,9,0,0,0,0,0,0,0,0,0,0,0,0,0,0,0,0,0,0
543,325,800,1970,esc,0,1058,14,0,0,0,0,0,0,0,0,0,0,0,0,0,0,0,0,0,0
544,325,800,1971,esc,0,1244,16,0,0,0,0,0,0,0,0,0,0,0,0,0,0,0,0,0,0
545,325,800,1972,esc,0,251,10,0,0,0,0,0,0,0,0,0,0,0,0,0,0,0,0,0,0
546,325,800,1973,esc,0,812,13,0,0,0,0,0,0,0,0,0,0,0,0,0,0,0,0,0,0
547,325,800,1974,esc,0,945,8,0,0,0,0,0,0,0,0,0,0,0,0,0,0,0,0,0,0
548,325,800,1975,esc,0,1211,14,0,0,0,0,0,0,0,0,0,0,0,0,0,0,0,0,0,0
549,325,800,1976,esc,0,945,11,0,0,0,0,0,0,0,0,0,0,0,0,0,0,0,0,0,0
550,325,800,1977,esc,0,797,8,0,0,0,0,0,0,0,0,0,0,0,0,0,0,0,0,0,0
551,325,800,1978,esc,0,1085,18,0,0,0,0,0,0,0,0,0,0,0,0,0,0,0,0,0,0
552,325,800,1979,esc,0,764,12,0,0,0,0,0,0,0,0,0,0,0,0,0,0,0,0,0,0
553,325,800,1980,esc,0,1009,19,0,0,0,0,0,0,0,0,0,0,0,0,0,0,0,0,0,0
554,325,800,1981,esc,0,1070,18,0,0,0,0,0,0,0,0,0,0,0,0,0,0,0,0,0,0
555,325,800,1982,esc,0,931,19,0,0,0,0,0,0,0,0,0,0,0,0,0,0,0,0,0,0
556,325,800,1983,esc,0,991,15,0,0,0,0,0,0,0,0,0,0,0,0,0,0,0,0,0,0
557,325,800,1984,esc,0,1631,17,0,0,0,0,0,0,0,0,0,0,0,0,0,0,0,0,0,0
558,325,800,1985,esc,0,1601,20,0,0,0,0,0,0,0,0,0,0,0,0,0,0,0,0,0,0
559,325,800,1986,esc,0,1860,15,0,0,0,0,0,0,0,0,0,0,0,0,0,0,0,0,0,0
560,325,800,1987,esc,0,122,4,0,0,0,0,0,0,0,0,0,0,0,0,0,0,0,0,0,0
561,325,800,1988,esc,0,1273,14,0,0,0,0,0,0,0,0,0,0,0,0,0,0,0,0,0,0
562,325,800,1995,esc,0,502,12,0,0,0,0,0,0,0,0,0,0,0,0,0,0,0,0,0,0
563,325,800,1996,esc,0,589,13,0,0,0,0,0,0,0,0,0,0,0,0,0,0,0,0,0,0
564,325,800,1997,esc,0,574,14,0,0,0,0,0,0,0,0,0,0,0,0,0,0,0,0,0,0
565,325,800,1998,esc,0,238,7,0,0,0,0,0,0,0,0,0,0,0,0,0,0,0,0,0,0
566,325,800,1999,esc,0,253,7,0,0,0,0,0,0,0,0,0,0,0,0,0,0,0,0,0,0
567,325,800,2000,esc,0,524,14,0,0,0,0,0,0,0,0,0,0,0,0,0,0,0,0,0,0
568,325,800,2001,esc,184.044,708,17,0,0,0,0,0,0,2.855038346,178.4098392,1.588185836,0,0,0.238661157,0.952275452,0,0,0,0,0
569,325,800,2002,esc,0,674,20,0,0,0,0,0,0,0,0,0,0,0,0,0,0,0,0,0,0
570,325,800,2003,esc,116.65,717,20,0,0,0,0,0,0,9.718819237,104.2937936,1.686157959,0,0,0.103,0.848229167,0,0,0,0,0
571,325,800,2004,esc,77.406,192,12,0,0,0,0,0,0,21.00691911,55.39261002,0.799925412,0,0,0,0.206545455,0,0,0,0,0
572,325,800,2005,esc,250.02,864,19,0,0,0,0,0,0.427343914,112.8356323,121.5318438,1.686288578,0,0,9.875705918,3.663185539,0,0,0,0,0
573,325,800,2006,esc,166.422,923,20,0,0.849120596,1.21030673,0,0,0,48.05574973,109.0879171,1.9242556,0,0.117588235,4.146571771,1.030490269,0,0,0,0,0
574,321,100,2010,esc,805686,1,1,0,0,0,0,0,36233.07651,275422.9211,235932.6394,0,0,18319.56735,200372.0589,39405.7367,0,0,0,0,0
575,322,100,2010,esc,926904,1,1,0,0,0,0,0,7975.106081,30911.95579,19068.33146,0,0,107790.8418,578291.3498,177361.7328,514.2769231,674.2682927,3801.860191,514.2769231,0
576,324,100,2010,esc,4207410,1,1,0,0,0,0,0,0,1671618.061,627931.1426,0,0,0,1759834.965,148025.8308,0,0,0,0,0
577,324,500,2010,esc,1187730,1,1,0,0,0,0,0,1476.739535,321259.8837,774445.8977,5715.64186,0,0,28960.84186,55870.99535,0,0,0,0,0
578,324,600,2010,esc,1463928,1,1,0,0,0,0,0,15162.5897,557825.9794,501442.4916,2118.238938,0,16986.00349,233732.0209,135187.0455,1473.63038,0,0,0,0
579,325,100,2010,esc,518040,1,1,0,0,500.5477387,0,0,0,86408.99125,411745.6118,134.8846154,0,0,11681.90094,7003.095957,0,564.9677419,0,0,0
580,325,300,2010,esc,1804344,1,1,0,0,0,0,0,2459.200052,1363152.963,377977.5281,2459.200052,0,2290.338132,49133.75642,6871.014397,0,0,0,0,0
581,325,700,2010,esc,468696,1,1,0,2530.75594,2530.75594,3036.907127,0,1012.302376,61750.44492,360379.6458,26826.01296,0,0,5061.511879,5567.663067,0,0,0,0,0
582,321,100,2011,esc,1003753,1,1,0,0,0,0,0,7058.104651,398771.0261,244958.04,882.2630814,0,11099.46683,192562.6883,148421.4109,0,0,0,0,0
583,322,100,2011,esc,961200,1,1,0,0,0,0,0,280.255102,14350.21804,39580.04092,0,0,62287.53254,405507.0585,433577.3218,0,280.255102,4612.61369,724.7043702,0
584,324,100,2011,esc,2264352,1,1,0,0,0,0,0,0,619429.5913,723809.2331,1731.15859,0,21352.30719,430480.4785,467549.2314,0,0,0,0,0
585,324,500,2011,esc,883794,1,1,0,0,0,0,0,751.5067265,232435.4416,600647.7447,2358.013315,0,0,19512.12011,28089.17351,0,0,0,0,0
586,324,600,2011,esc,1177074,1,1,0,0,0,0,0,20149.606,516306.1473,303687.9043,2700.575084,0,12206.26549,175955.5554,146067.9465,0,0,0,0,0
587,325,100,2011,esc,421380,1,1,0,0,0,0,0,0,78526.84172,318287.8289,649.3876652,0,0,7648.955717,16266.98596,0,0,0,0,0
588,325,300,2011,esc,1098006,1,1,0,0,0,907.7419355,0,0,360370.1217,670917.7027,1815.483871,0,0,44358.68341,19636.26638,0,0,0,0,0
589,325,700,2011,esc,428191,1,1,0,0,21801.34177,592.0873362,0,0,12404.00599,370725.7175,12966.26526,0,0,2110.336477,7591.245703,0,0,0,0,0
590,321,0,2010,catch,4031832,1,1,0,0,4079.107812,1121.755312,0,0,453372.1776,1814202.943,3634.317155,0,3821.233831,1305070.087,445408.6229,0,0,1121.755312,0,0
591,322,0,2010,catch,5070816,1,1,0,0,0,0,0,0,562681.26,800268.8012,1575.938095,0,13397.00691,2336033.947,1326082.355,3706.612352,0,27070.07893,0,0
592,324,0,2010,catch,9874251,1,1,0,0,0,0,0,6172.60359,2270578.464,3444369.568,30679.85896,0,1206.00939,2993745.157,1123921.144,0,0,3578.194932,0,0
593,325,0,2010,catch,6893373,1,1,0,5494.914769,8078.82767,10812.36486,0,0,2750250.681,3726774.402,69233.02471,0,0,186715.1361,136013.6487,0,0,0,0,0
594,321,0,2011,catch,2643495,1,1,0,0,0,382.9828431,0,0,624145.444,579804.7256,3975.330773,0,2460.490443,750654.0136,679927.8954,0,0,2144.117434,0,0
595,322,0,2011,catch,4810362,1,1,0,0,0,0,0,0,409385.4402,938887.505,5621.460313,0,5658.74239,1329253.043,2073253.524,758.4677033,0,39784.8907,7758.926942,0
596,324,0,2011,catch,8382248,1,1,0,0,2054.103614,0,0,0,1590685.659,3608060.804,23858.86242,0,5122.996008,1215737.337,1930886.981,1957.109737,0,2941.82634,9.42E+02,0
597,325,0,2011,catch,4518807,1,1,0,1183.102228,7997.214834,0,0,1183.102228,1092916.049,3145192.809,32283.07006,0,0,143876.016,94175.63701,0,0,0,0,0
598,321,0,2012,catch,2418596,1,1,0,0,1912.415268,0,0,0,578249.6018,698054.6407,3404.429744,0,0,888442.2779,243846.2747,1655.455835,0,2484.40827,546.4957411,0
599,322,0,2012,catch,4998273,1,1,0,0,2180.491232,0,0,0,524323.623,658691.3366,5844.236864,0,3522.156418,2713749.737,1052124.719,5058.217951,0,28481.89128,4296.590481,0
600,324,0,2012,catch,9296022,1,1,0,0,5551.164557,2365.946996,0,0,1633910.158,2820464.039,34918.13733,0,0,3855997.127,939354.0699,2988.09106,0,0,473.2659176,0
601,325,0,2012,catch,2217346,1,1,0,117.0652529,11750.33459,6958.405434,0,0,712753.7192,1294132.795,43777.05687,0,0,92928.98386,54418.42937,509.2108136,0,0,0,0
602,321,100,2012,esc,695018,1,1,0,0,511.4186902,0,0,8182.699043,327307.9617,159051.2127,1534.256071,0,1534.256071,157516.9566,38867.82046,511.4186902,0,0,0,0
603,322,100,2012,esc,1233900,1,1,0,0,0,0,0,5099.144755,173582.934,46697.03966,0,0,53300.18341,775195.514,170141.8286,505.3979381,2021.591753,4458.862526,2897.503338,0
604,324,100,2012,esc,4164444,1,1,0,0,0,0,0,0,1076585.988,362839.3614,0,0,2346.769596,2565842.802,156829.0789,0,0,0,0,0
605,324,600,2012,esc,900312,1,1,0,0,0,0,0,5005.631738,203155.1266,345335.1547,5032.055327,0,12084.12938,215248.6596,112936.7143,754.4274809,0,0,760.1008065,0
606,324,500,2012,esc,861747,1,1,0,0,0,0,0,0,232671.69,379168.68,0,0,0,206819.28,43087.35,0,0,0,0,0
607,325,100,2012,esc,193326,1,1,0,0,0,0,0,0,19387.99427,163413.0946,1384.856734,0,0,5816.398281,3323.65616,0,0,0,0,0
608,325,300,2012,esc,764211,1,1,0,0,0,0,0,1709.216724,473153.6954,237652.654,6365.995091,0,0,40672.66039,4656.778367,0,0,0,0,0
609,325,700,2012,esc,432438,1,1,0,595.6446281,2978.22314,4765.157025,0,595.6446281,88751.04959,280548.6198,51821.08264,0,0,0,2382.578512,0,0,0,0,0
610,321,0,2013,catch,2168190,1,1,0,0,0,1758.967849,0,0,174624.3032,1143953.205,1245.245192,0,139.3852041,349481.1322,496640.8053,0,0,0,346.9562212,0
611,322,0,2013,catch,4778479,1,1,0,0,0,0,0,368.1958763,442221.2937,1737382.005,10775.93407,0,2534.256429,803391.1166,1761377.98,0,0,11225.7094,9202.509223,0
612,324,0,2013,catch,4464741,1,1,0,0,0,0,0,1399.434783,536548.9166,2126346.51,23561.04803,868.395,0,618630.9135,1155648.992,868.395,0,0,868.395,0
613,325,0,2013,catch,3012271,1,1,0,0,669.1763341,0,0,331.0722513,744934.9146,2133814.651,23247.84874,0,0,62364.73533,46908.60164,0,0,0,0,0
614,321,100,2013,esc,898110,1,1,0,0,0,0,0,10458.82136,163935.9236,530946.2363,1335.912507,0,2093.871185,126221.6767,63117.55832,0,0,0,0,0
615,322,100,2013,esc,1113630,1,1,0,0,0,0,0,7295.019989,82834.80813,151131.3189,0,0,86862.21177,326334.3228,451738.4225,0,1146.398671,5002.222647,1285.274659,0
616,324,100,2013,esc,2088576,1,1,0,0,0,0,0,2857.881457,287371.6031,499313.5946,2857.881457,0,10425.79767,483759.3359,800137.7525,1852.153302,0,0,0,0
617,324,600,2013,esc,938160,1,1,0,0,0,0,0,92240.37787,171805.862,390229.5317,6437.743985,0,5968.303477,132709.9576,138153.5046,614.71875,0,0,0,0
618,324,500,2013,esc,1095950,1,1,0,0,0,0,0,0,255446.9925,737500.188,0,0,0,41201.12782,61801.69173,0,0,0,0,0
619,325,100,2013,esc,387036,1,1,0,0,0,0,0,0,86639.70018,270165.7728,738.2523364,0,0,24324.50834,5167.766355,0,0,0,0,0
620,325,300,2013,esc,1183348,1,1,0,0,0,0,0,38903.60634,593994.1423,533207.2913,506.1780415,0,1518.534125,11168.82349,4049.424332,0,0,0,0,0
621,325,700,2013,esc,894148,1,1,0,0,6403.96,0,0,0,54238.41392,800307.8626,28928.45679,0,0,2134.653333,2134.653333,0,0,0,0,0
622,321,0,2014,catch,1472367,1,1,0,0,0,0,0,0,287005.5953,138074.0231,2321.160129,0,1359.560021,937868.4624,104429.3085,437.0761671,0,0,871.8142933,0
623,322,0,2014,catch,6944923,1,1,0,0,2210.209877,0,0,1105.104938,1516070.728,864673.0879,7030.720733,0,10849.83099,3426540.532,1090378.245,6131.19485,0,2736.62573,17196.72043,0
624,324,0,2014,catch,12684537,1,1,0,0,0,0,0,0,5339586.619,1787492.632,10879.48861,0,7334.666256,4491122.125,1035553.444,10466.71783,0,2101.307339,0,0
625,325,0,2014,catch,5532166,1,1,0,0,6275.451287,1568.498826,0,569.0652174,2550818.238,2556769.367,82264.69162,0,2131.017707,235826.7233,95942.94679,0,0,0,0,0
626,321,100,2014,esc,640158,1,1,0,634.8,634.8,0,0,62294.93546,334637.3783,152756.1047,363.578125,0,6679.112015,64290.38414,17866.90726,0,0,0,0,0
627,322,100,2014,esc,1382466,1,1,0,3295.672069,0,0,0,34796.05741,161899.389,81194.27984,0,0,259472.897,682844.0187,148071.1223,1161.746835,7617.36333,0,2113.453521,0
628,324,100,2014,esc,4458540,1,1,0,0,0,0,0,4100.150943,1946830.145,147914.8097,8200.301887,0,81674.42285,2193237.803,72482.21584,4100.150943,0,0,0,0
629,324,600,2014,esc,1474428,1,1,0,0,0,0,0,78495.34323,956717.0217,172191.3698,2086.520319,0,35646.91852,100848.7354,128442.091,0,0,0,0,0
630,324,500,2014,esc,200500,1,1,0,0,0,0,0,0,118112.9746,67337.74484,734.3880839,0,0,8426.471001,5888.42148,0,0,0,0,0
631,325,100,2014,esc,340590,1,1,0,411.8379686,0,0,0,0,199741.4148,123551.3906,823.6759371,0,0,10295.94921,5765.73156,0,0,0,0,0
632,325,300,2014,esc,2764614,1,1,0,0,1806.487218,0,0,8049.415489,2206490.188,487119.6698,7410.388857,0,0,44609.51982,9128.33062,0,0,0,0,0
633,325,700,2014,esc,618477,1,1,0,0,1706.143448,1706.143448,0,0,119430.0414,418005.1448,70804.9531,0,0,2559.215172,4265.358621,0,0,0,0,0
634,321,0,2015,catch,5473786,1,1,0,0,0,0,0,712.738342,1018971.554,1773807.457,1210.182716,0,6781.24224,2018328.319,651596.5301,0,0,2377.976684,0,0
635,322,0,2015,catch,8470567,1,1,0,0,2276.811518,0,0,221.0276302,799256.3599,1590426.779,8315.318094,0,69991.1621,5385258.738,601555.5873,0,0,13265.2168,0,0
636,324,0,2015,catch,15341998,1,1,0,0,0,0,0,2720.541317,2809272.303,4558976.936,2924.970821,0,4489.670983,7221581.202,731392.5777,0,0,10639.7983,0,0
637,325,0,2015,catch,4996070,1,1,0,0,15142.89428,0,0,979.0829694,1429326.438,3238576.176,15914.89932,0,0,226612.1465,68088.19978,1430.163636,0,0,0,0
638,321,100,2015,esc,1564638,1,1,0,0,0,0,0,93246.42372,1177277.007,90926.64949,0,0,36381.25634,160974.6751,5831.987853,0,0,0,0,0
639,322,100,2015,esc,2160792,1,1,0,0,0,0,0,35219.93153,126873.875,14684.72158,0,0,472865.3377,1466800.306,21654.24258,0,17374.80319,5318.782194,0,0
640,324,100,2015,esc,7341612,1,1,0,6151.015647,0,0,0,20154.61791,1266420.694,1009213.194,0,0,40742.0331,4751069.777,247860.6694,0,0,0,0,0
641,324,600,2015,esc,1920954,1,1,0,0,0,0,0,10757.32815,926326.6324,410977.8601,0,0,37717.23027,507841.5319,27333.41714,0,0,0,0,0
642,324,500,2015,esc,5770650,1,1,0,0,0,0,0,38076.51026,2352480.972,2069435.076,0,0,0,1231643.747,79013.69478,0,0,0,0,0
643,325,100,2015,esc,651172,1,1,0,297.4297352,0,0,0,0,323495.0131,326089.6116,0,0,0,347.5430862,942.4025566,0,0,0,0,0
644,325,300,2015,esc,1941474,1,1,0,0,0,0,0,74821.179,1320384.559,475595.2794,0,0,2869.052286,58016.40431,9787.525777,0,0,0,0,0
645,325,700,2015,esc,796684,1,1,0,0,5037.059844,0,0,0,113235.1393,668926.9334,8503.777431,0,0,981.0900563,0,0,0,0,0,0
646,321,0,2016,catch,6631116,1,1,0,0,0,0,0,367.8032956,2172454.904,2001795.646,735.6065911,0,367.8032956,1667463.435,776561.2755,0,0,9870.120853,1499.405449,0
647,322,0,2016,catch,8740030,1,1,0,0,0,0,0,1326.185768,2022270.346,1366482.088,0,0,31342.35262,3345634.419,1916449.393,0,0,56525.21568,0,0
648,324,0,2016,catch,12403630,1,1,0,0,0,0,0,0,5824420.581,3381674.46,2962.896714,0,890.8827586,2048059.827,1136640.339,1171.263775,0,7809.749643,0,0
649,325,0,2016,catch,7268141,1,1,0,0,5225.016011,1781.237751,0,4246.866901,2427697.689,4562521.85,21860.93476,0,0,173465.6044,70541.02437,800.7768987,0,0,0,0
650,321,100,2016,esc,1635270,1,1,0,0,0,0,0,27606.04135,1045025.568,247071.4834,0,0,4715.976828,290798.2574,20052.67323,0,0,0,0,0
651,322,100,2016,esc,1837260,1,1,0,0,0,0,0,153636.3159,445727.6864,82911.07695,0,0,328564.2303,692160.2002,127539.56,0,1164.959459,5555.97081,0,0
652,324,100,2016,esc,4462728,1,1,0,0,0,0,0,1772.751515,3069270.083,421787.5367,0,0,3442.559524,809568.0858,156886.9835,0,0,0,0,0
653,324,500,2016,esc,1775820,1,1,0,0,0,0,0,2378.731343,488097.5501,808760.3156,8642.569829,0,0,224117.4608,243823.3723,0,0,0,0,0
654,324,600,2016,esc,1691910,1,1,0,0,0,0,0,57868.34088,913222.2265,305953.828,977.1715481,0,5368.952432,316276.2145,91266.09454,977.1715481,0,0,0,0
655,325,100,2016,esc,469230,1,1,0,0,0,0,0,0,195494.3333,268139.9576,0,0,0,4896.245455,699.4636364,0,0,0,0,0
656,325,300,2016,esc,1309707,1,1,0,0,0,0,0,198481.7558,902173.6496,192318.5902,1521.182213,0,0,13690.63991,1521.182213,0,0,0,0,0
657,325,700,2016,esc,680512,1,1,0,0,0,0,0,5423.655776,234255.8788,434338.9618,4384.975349,0,0,1405.685504,702.8427518,0,0,0,0,0
658,321,0,2017,catch,5706496,1,1,0,0,0,0,0,0,2921537.161,1261590.277,10329.28332,0,0,783389.0158,729650.2632,0,0,0,0,0
659,322,0,2017,catch,11981007,1,1,0,0,0,0,0,0,3621600.365,2306281.166,4406.399151,0,0,3497608.996,2502524.547,0,0,38642.34473,9943.182143,0
660,324,0,2017,catch,7227724.683,1,1,0,0,0,0,0,4072.941105,2803124.176,2665939.244,665.3165829,0,0,846346.4861,898613.8822,0,0,8962.637607,0,0
661,325,0,2017,catch,11387724,1,1,0,0,0,0,0,5600.595775,7366288.694,3841552.831,56052.2244,0,0,72876.43182,45353.22354,0,0,0,0,0
662,321,100,2017,esc,1186446,1,1,0,0,0,0,0,66398.76393,767139.4507,202214.3759,0,0,911.6969697,114130.8225,35650.88998,0,0,0,0,0
663,322,100,2017,esc,2600982,1,1,0,0,0,0,0,98096.71452,724071.8988,180358.036,0,0,85200.85706,1084256.158,416881.2817,0,2423.410822,7270.232465,2423.410822,0
664,324,100,2017,esc,3163404,1,1,0,0,0,0,0,9049.737162,1820055.202,980056.6352,0,0,2026.853801,178572.9529,173642.6193,0,0,0,0,0
665,324,500,2017,esc,2041824,1,1,0,0,0,0,0,64518.60223,1347300.223,614824.3271,0,0,0,3795.211896,11385.63569,0,0,0,0,0
666,324,600,2017,esc,1899972,1,1,0,0,0,0,0,30980.06258,1041322.678,480173.8407,0,0,0,218034.7409,129460.6777,0,0,0,0,0
667,325,100,2017,esc,578700,1,1,0,0,0,0,0,801.4504249,485785.3464,89084.90882,0,0,0,2181.081841,847.2125335,0,0,0,0,0
668,325,300,2017,esc,4274224,1,1,0,0,0,0,0,152659.6699,3711254.728,386749.2313,0,3752.99284,0,19807.37839,0,0,0,0,0,0
669,325,700,2017,esc,2852308,1,1,0,0,0,0,0,11760.11075,1448585.208,1322615.462,43534.62034,0,0,19932.54355,5880.055375,0,0,0,0,0
670,321,0,2018,catch,2772500,1,1,0,0,0,0,0,0,1644600.261,1025561.961,4197.426389,482.652304,0,43705.56258,51202.66638,2749.469477,0,0,0,0
671,322,0,2018,catch,5150759,1,1,0,0,0,0,0,6184.864517,1386804.482,2419940.96,5869.838016,0,1919.743767,341162.0965,978752.9816,0,0,0,10124.03405,0
672,324,0,2018,catch,5880323,1,1,0,0,0,0,0,0,2501027,2941683,16832.08,0,0,111062.2,309718.72,0,0,0,0,0
673,325,0,2018,catch,22798340,1,1,0,0,4027.682,0,0,3086.796,13042062.1,9478111.301,54955.38567,0,6180.896,95159.47105,113583.9702,0,0,0,1172.409,0
674,321,100,2018,esc,1167792,1,1,0,0,0,0,0,13969.95548,744514.3262,381010.7042,0,0,0,12469.21944,15827.79464,0,0,0,0,0
675,322,100,2018,esc,1608354,1,1,0,0,0,0,0,277508.3271,753791.177,228121.7413,0,0,69140.51656,124002.0275,147976.1541,0,1544.590444,2089.822023,4179.644045,0
676,324,100,2018,esc,4398708,1,1,0,0,0,0,0,3872.517241,2963690.564,1355049.792,0,0,5174.506453,15600.30933,55320.31108,0,0,0,0,0
677,324,500,2018,esc,1581426,1,1,0,0,0,0,0,2526.034026,979496.4612,590855.7784,4014.461538,0,0,0,4533.264796,0,0,0,0,0
678,324,600,2018,esc,2221152,1,1,0,0,0,0,0,36696.58128,1283703.901,726068.2404,1912.612844,0,1912.612844,84645.57208,86212.47924,0,0,0,0,0
679,325,100,2018,esc,770772,1,1,0,0,0,0,0,0,411386.5103,356741.4209,2208.564289,0,0,435.5045872,0,0,0,0,0,0
680,325,300,2018,esc,7507254,1,1,0,0,0,0,0,0,7182459.722,319113.9392,0,0,0,5680.338462,0,0,0,0,0,0
681,325,700,2018,esc,1247460,1,1,0,0,0,0,0,3453.571162,332050.4873,883405.4597,16228.97573,0,0,3498.769343,8822.736746,0,0,0,0,0
682,321,0,2019,catch,1038188,1,1,0,0,0,0,0,942,452603,533683,1121,0,0,26308,23532,0,0,0,0,0
683,322,0,2019,catch,14686551,1,1,0,0,0,0,0,3637,10738679,2514326,0,0,16828,1049089,361465,0,0,0,2528,0
684,324,0,2019,catch,8564879,1,1,0,0,0,0,0,1423,4484811,3674161,11544,0,0,205370,187568,0,0,0,0,0
685,325,0,2019,catch,14095829,1,1,0,0,0,0,0,18242,6478635,7159812,32317,0,759,306476,99591,0,0,0,0,0
686,321,100,2019,esc,1547748,1,1,0,0,0,0,0,50932,1019085,443718,0,0,6320,24253,3439,0,0,0,0,0
687,322,100,2019,esc,2340210,1,1,0,0,0,0,0,26727,1982738,47693,0,0,59215,212433,11404,0,0,0,0,0
688,324,100,2019,esc,2371242,1,1,0,0,0,0,0,2596,2109151,243527,0,0,0,13687,2281,0,0,0,0,0
689,324,500,2019,esc,820458,1,1,0,0,0,0,0,4485,619760,184119,0,0,0,9448,2647,0,0,0,0,0
690,324,600,2019,esc,2911470,1,1,0,0,0,0,0,1033,2206527,591915,0,0,0,87412,24584,0,0,0,0,0
691,325,100,2019,esc,256074,1,1,0,0,0,0,0,721,73576,181776,0,0,0,0,0,0,0,0,0,0
692,325,300,2019,esc,2073276,1,1,0,0,0,0,0,62670,1704172,228872,0,0,3440,71066,3056,0,0,0,0,0
693,325,700,2019,esc,709431,1,1,0,0,0,0,0,5479,165403,502420,5946,0,0,21964,8220,0,0,0,0,0
